run,task,model,seed,epochs,recorded_total_steps,epoch_start,epoch_end,weighting,success_rate,team_return,steps_taken,wall_time_seconds,return_nocap,value_loss_per_episode,policy_loss_per_episode,gate_entropy,alpha_null,return_cap
reproduce-896848_0,pp,HetNet Real,0,252,,203,252,equal_epoch,0.9850000000000001,-2.8933999999999997,26.0498,313.42699999999996,-0.9644666666666666,,,,,
reproduce-896848_1,pp,HetNet Real,1,248,,199,248,equal_epoch,0.9934000000000002,-2.725,24.502200000000002,316.0504,-0.9083333333333333,,,,,
reproduce-896848_2,pp,HetNet Real,2,343,,294,343,equal_epoch,0.9942000000000002,-2.3924,20.5304,290.1128,-0.7974666666666669,,,,,
softrole-898824_0,pp,SoftRole shared,0,345,7058249,296,345,equal_epoch,1.0,-0.3744304541061632,4.876992697603639,46.06994757849723,-0.12481015136872108,0.0056334548906362214,-0.03457051752622892,0.0,0.38988543902231243,
softrole-898824_1,pp,SoftRole shared,1,347,7088266,298,347,equal_epoch,1.0,-0.3751119422904003,4.882350386264534,45.68955918159336,-0.1250373140968001,0.005690614440628975,-0.025969454691228223,0.0,0.4730266983304168,
softrole-898824_2,pp,SoftRole shared,2,346,7081937,297,346,equal_epoch,1.0,-0.37521111486446757,4.881577539318196,45.834689395278694,-0.12507037162148918,0.005286069078485785,-0.031604015583837484,0.0,0.43374124840339867,
softrole-898824_3,pp,SoftRole banked,0,278,5746670,229,278,equal_epoch,1.0,-0.38229764301363384,4.950126827925679,48.66294589418918,-0.1274325476712113,0.009309000073104548,-0.07149060420748148,1.1211857182301237,0.05943686349803922,
softrole-898824_4,pp,SoftRole banked,1,288,5936651,239,288,equal_epoch,1.0,-0.38011033631311014,4.919840708810281,44.955148147419095,-0.1267034454377034,0.008085798821088805,-0.04369668186973967,0.8285673906697979,0.3024105433553832,
softrole-898824_5,pp,SoftRole banked,2,278,5731567,229,278,equal_epoch,1.0,-0.3791042122535184,4.92245704755129,52.96796961389482,-0.12636807075117282,0.006666619299281716,-0.04126256632796088,0.8152021994770183,0.16780470040746148,
reproduce-896848_3,pcp,HetNet Real,0,771,,722,771,equal_epoch,0.9958,-2.2156,18.898000000000003,130.8698,-0.6923,,,,,-0.831
reproduce-896848_4,pcp,HetNet Real,1,613,,564,613,equal_epoch,0.9912000000000001,-2.4067999999999996,20.882999999999996,155.11800000000002,-0.7461999999999999,,,,,-0.9144000000000001
reproduce-896848_5,pcp,HetNet Real,2,767,,718,767,equal_epoch,0.9916000000000001,-2.3124,19.699400000000004,132.02959999999996,-0.7251000000000001,,,,,-0.8622
softrole-898818_6,pcp,SoftRole shared,0,245,5209474,196,245,equal_epoch,0.9060459485094229,-2.567664678838816,35.632387521163274,61.50677127767354,-0.44109960087418953,0.4175637900080357,-30.27753228977432,0.0,0.2844991632934719,-1.6854654770904367
softrole-898818_7,pcp,SoftRole shared,1,321,6755149,272,321,equal_epoch,0.9982033077287921,-1.3735820705819455,20.149416900912517,42.04030733890831,-0.21048735814891426,0.11854171957152244,-6.577391172179606,0.0,0.15089583081872562,-0.9526073542841172
softrole-898818_8,pcp,SoftRole shared,2,317,6690794,268,317,equal_epoch,0.9891841309029421,-1.5923792186128325,23.591154010306738,42.7110897256434,-0.23553293141990372,0.16004926180107962,-10.104812792704156,0.0,0.1380281369748725,-1.121313355773025
softrole-898818_9,pcp,SoftRole banked,0,193,4130653,144,193,equal_epoch,0.7061491677394993,-4.623605502035702,52.67501794243749,75.48670914571733,-1.2461388396556303,1.2607123567257243,-65.47657328927535,1.2372692364661773,0.24055708894464348,-2.1313278227244417
softrole-898818_10,pcp,SoftRole banked,1,185,3958596,136,185,equal_epoch,0.6996536287452382,-4.759402750921078,52.8353459542929,79.35973267396912,-1.2794105421492825,1.353650018315783,-69.19746932482094,1.2676644516656548,0.30646308343664047,-2.200581666622512
softrole-898818_11,pcp,SoftRole banked,2,216,4613906,167,216,equal_epoch,0.7967817390479489,-3.6337555860688027,45.24697172333773,69.9199668481946,-0.8051820852255088,0.7487968984202066,-48.467330919987056,0.9083740025307633,0.1815128215155675,-2.023391415617785
reproduce-896848_6,fc,HetNet Real,0,613,,564,613,equal_epoch,0.3818000000000001,-231.73519999999996,226.30179999999996,185.46200000000002,-78.8352,,,,,-74.0648
reproduce-896848_7,fc,HetNet Real,1,592,,543,592,equal_epoch,0.39959999999999996,-227.9892,222.38920000000002,184.12419999999997,-77.3414,,,,,-73.3064
reproduce-896848_8,fc,HetNet Real,2,661,,612,661,equal_epoch,0.4132,-226.99779999999998,218.20860000000005,136.1598,-77.0272,,,,,-72.9434
softrole-898824_12,fc,SoftRole shared,0,253,6326706,204,253,equal_epoch,0.4436383999255317,-213.77990062943482,219.3782668348122,56.55021325327456,-72.1755297747853,1292.521010362282,-10312.69957470855,0.0,0.36656262937976325,-69.42884107986427
softrole-898824_13,fc,SoftRole shared,1,254,6371032,205,254,equal_epoch,0.5187753439709033,-194.35115969985245,209.69746392119984,66.74855813615024,-65.64294930070982,1129.2360686570414,-9164.357975551995,0.0,0.348619794227507,-63.0652610984328
softrole-898824_14,fc,SoftRole shared,2,290,7290233,241,290,equal_epoch,0.4567596953655938,-211.93898363886984,214.5120053314555,59.42195478890091,-71.5597144038684,1184.1465212273945,-8984.763080858633,0.0,0.3469562610761608,-68.81955483113308
softrole-898824_15,fc,SoftRole banked,0,251,6287333,202,251,equal_epoch,0.4664718189190446,-208.09313115652748,217.0588254997173,62.59712072230875,-70.19827048153655,1128.532588094427,-10117.075667412584,1.1854175539887388,0.31260790768084123,-67.69659019345444
softrole-898824_16,fc,SoftRole banked,1,259,6502972,210,259,equal_epoch,0.4570088593138572,-207.62689390768065,216.06235602946055,61.38533716060221,-70.12463302583971,1162.352749848812,-10243.677610305656,1.3275888500847597,0.30769689317124704,-67.3776278560012
softrole-898824_17,fc,SoftRole banked,2,182,4540030,133,182,equal_epoch,0.46910962383535987,-206.5204884660279,216.2515177470315,78.12495227117091,-69.82626466305028,1177.5977602496207,-10265.074555840154,1.3621259168508015,0.31598847555486886,-66.8679591399273
