alpha_null,gate_entropy,group,mean_agent_return,n_seeds,policy_loss_per_episode,return_cap,return_nocap,seeds,steps_taken,steps_taken_seed_max,steps_taken_seed_min,success_rate,success_rate_seed_max,success_rate_seed_min,team_return,team_return_seed_max,team_return_seed_min,value_loss_per_episode,window
0.33209919244936553,0.0,adam_shared,-2.3634553834009577,3,-358.22934269268086,-2.6088225881006863,-2.240771781051093,"[0, 1, 2]",70.3296245650532,70.7291815454935,69.88507452143816,0.3263058124449692,0.3381366108638836,0.3173832309670047,-7.090366150202873,-7.049309952336906,-7.152321096986137,2.4084746390591714,0-1M
0.31588053847056036,0.0,adam_shared,-2.103947970589087,3,-83.46744343367136,-2.472301869731985,-1.9197710210176382,"[0, 1, 2]",64.39651939148584,65.67051307125628,62.06932098765432,0.4585254768981999,0.5141975308641975,0.41730230132342394,-6.311843911767262,-5.972243827160489,-6.646215529043608,3.1339137742387897,1-2M
0.29113747804634227,0.0,adam_shared,-1.161106694910565,3,-49.5703177476813,-1.94660095509727,-0.7683595648172123,"[0, 1, 2]",43.30897121421239,44.75438004633066,42.362633376013655,0.8131871577476546,0.821468203158344,0.8014978746373389,-3.483320084731695,-3.3489756722151074,-3.677019094528033,0.7859149410820503,2-4M
0.21480044478779164,0.0,adam_shared,-0.5616302969734569,3,-13.410045624552174,-1.2179064128389117,-0.2334922390407295,"[0, 1, 2]",25.550250438809247,27.186003633307124,23.280376219228984,0.9656803037665244,0.9768346493265211,0.9564748786638106,-1.6848908909203708,-1.5545979447282863,-1.7780486564897913,0.19122811802552434,4-8M
0.16692928896294942,0.0,adam_shared,-0.32386948384599734,3,-2.1782801695336396,-0.6653273982246705,-0.15314052665666075,"[0, 1, 2]",14.343710441393169,15.769788829682257,11.886990871723697,0.9996015838989553,1.0,0.9989974343793171,-0.9716084515379921,-0.8297570538028555,-1.055145450957174,0.055595267151343636,8-10M
0.2898577543255414,0.0,adam_shared,-0.20877468819905634,3,-0.23790869688481983,-0.3688287712183509,-0.12874764668940908,"[0, 1, 2]",8.390728222509718,8.61562484662656,7.952078293677657,0.999993227044438,1.0,0.999983658500504,-0.626324064597169,-0.6024936501332816,-0.6385104027016113,0.013904122564192654,10-20M
0.35479762336820897,0.0,adam_shared,-0.17055607766608624,3,-0.049763984334834976,-0.2614421425322532,-0.12511304523300276,"[0, 1, 2]",6.308738757531002,6.5681434098929605,6.1392346983902355,0.9999765400079671,1.0,0.9999395737453178,-0.5116682329982587,-0.5014579893665113,-0.5270864955859278,0.006647955033898951,20-30M
0.35928875370363067,0.0,adam_shared,-0.16693150199004386,3,-0.03915328577733192,-0.25135680090697776,-0.12471885253157693,"[0, 1, 2]",6.118820217143799,6.394488414227139,5.909779164976753,0.9999873982175751,1.0,0.99996821461492,-0.5007945059701315,-0.48809242507068246,-0.517550300371889,0.005859046802323086,26-27M
0.35531779538110403,0.0,adam_shared,-0.16071248538099844,3,-0.0354980157738704,-0.23394246169195365,-0.12409749722552085,"[0, 1, 2]",5.820170711169215,6.035125207077861,5.653337308328364,0.9999639864589086,1.0,0.9998919593767257,-0.48213745614299536,-0.47087294265882174,-0.49712731987227193,0.005292278438537811,29-30M
0.3456608608184148,0.0,adam_shared,-0.1575815719260511,3,-0.03160403191168216,-0.225298187328252,-0.12372326422495067,"[0, 1, 2]",5.680777202151585,5.848559386389769,5.556530290379442,0.9999681143406729,1.0,0.9999043430220187,-0.47274471577815336,-0.4642224696168476,-0.48472865629276507,0.004810896451802902,30-33M
0.3162325588404375,0.0,adam_shared,-0.149867590771534,3,-0.020054379375866353,-0.205785351170345,-0.12190871057212853,"[0, 1, 2]",5.40094321891993,5.45354858361255,5.355137497335323,0.9999944618281505,1.0,0.9999833854844515,-0.449602772314602,-0.4448755595821786,-0.45529753828261293,0.003501915864284786,39-40M
0.3150050079810556,0.0,adam_shared,-0.1498721532109548,3,-0.019899335724066682,-0.20572468972894745,-0.12194588495195852,"[0, 1, 2]",5.401159483843044,5.456397195779551,5.352565451441143,0.9999972848369002,1.0,0.9999918545107005,-0.4496164596328644,-0.444648550599178,-0.4556271755244337,0.003503551559535429,last100
0.3312271262789582,1.3835482365447704,rmsprop_banked,-2.3612891812423564,3,-349.7973429857077,-2.60773143552207,-2.238068054102499,"[0, 1, 2]",70.63774126383026,71.32905551550108,70.15247623102029,0.32178471450156076,0.3382290336313325,0.2968276856524874,-7.083867543727068,-6.973712217965084,-7.257999279019459,2.370242838104122,0-1M
0.32337852858185834,1.3650700993499674,rmsprop_banked,-2.312446379238561,3,-85.24766852461214,-2.572842510957515,-2.1822483133790835,"[0, 1, 2]",68.83088583773221,69.315207689667,68.37500847055635,0.35790109052830726,0.3634207494748255,0.3508592471358429,-6.937339137715683,-6.84282526604874,-7.030844244408066,3.8632343287615867,1-2M
0.27952946141885054,1.2367706619107217,rmsprop_banked,-1.7512134256413057,3,-71.96833130278189,-2.274241766268836,-1.4896992553275406,"[0, 1, 2]",57.22210610248185,57.892326552056275,56.28639204545455,0.6127245836265678,0.6271022727272727,0.6050471356055113,-5.253640276923917,-5.076626420454542,-5.366071065989844,1.8124739054682375,2-4M
0.14449257581761157,1.0010074186398648,rmsprop_banked,-0.7423333168117465,3,-23.594919401779606,-1.5094569091710441,-0.3587715206320978,"[0, 1, 2]",31.93196446394742,34.74361819237737,28.061312511359347,0.9167220114362823,0.9486697331077775,0.8941205023966993,-2.2269999504352396,-1.999466984495365,-2.4150979049468213,0.3266093672254058,4-8M
0.068309691787294,0.9231804923078191,rmsprop_banked,-0.41926467099795445,3,-5.271604096737483,-0.9029695456019535,-0.1774122336959549,"[0, 1, 2]",19.135620525818027,22.84667380995805,15.850474557978606,0.992350290044994,0.9995476621274164,0.9822861572132044,-1.2577940129938632,-1.0798039075643588,-1.4656911134415465,0.10841772404823553,8-10M
0.07416407435353259,0.8683500505906274,rmsprop_banked,-0.25345007894575367,3,-0.6269678441554876,-0.4899021955628058,-0.13522402063722766,"[0, 1, 2]",10.819756492875568,11.414754156418185,10.078725603171788,0.9997449062823665,0.999976832078908,0.9995715916114211,-0.7603502368372612,-0.7209803153254791,-0.7966281974974097,0.02916064204699599,10-20M
0.12082781480002573,0.8231684935274497,rmsprop_banked,-0.1976533850204933,3,-0.12084083522073016,-0.3374609554805458,-0.12774959979046704,"[0, 1, 2]",7.768700809534457,7.912786574342316,7.686185398598989,0.9998677939091993,0.9998992465797675,0.9998211136545689,-0.5929601550614798,-0.5888907359179426,-0.600897479127288,0.011915430525554617,20-30M
0.12699865624564383,0.8204498620442116,rmsprop_banked,-0.19321981297687907,3,-0.09792503870526091,-0.3256267510988028,-0.1270163439159172,"[0, 1, 2]",7.533863914974518,7.689989562724907,7.3940586499067535,0.999896286874776,0.9999559464896695,0.9998597977972676,-0.5796594389306373,-0.5710168284409464,-0.5878191547364977,0.0106215119182481,26-27M
0.13336160334945696,0.803037155253319,rmsprop_banked,-0.1858067043504075,3,-0.07864901898840698,-0.3034896060031227,-0.12696525352404991,"[0, 1, 2]",7.104749396766986,7.300766510306456,6.856629945292647,0.9998725914118894,0.9999659356456218,0.9998224300448364,-0.5574201130512225,-0.5426063318821919,-0.5683185604995635,0.009269705729777528,29-30M
0.13332092298300174,0.7879361550441396,rmsprop_banked,-0.18123519431919521,3,-0.07332067763667267,-0.2897572889339277,-0.126974147011829,"[0, 1, 2]",6.845011745338218,7.010976632882225,6.593116625550235,0.9998346264570636,0.9998944604952441,0.9997873379620433,-0.5437055829575856,-0.5284178308993285,-0.552789494962714,0.008493072993587616,30-33M
0.14815394229919918,0.7342130338029121,rmsprop_banked,-0.16517058176593502,3,-0.04163241313944087,-0.24575214358212452,-0.12487980085784027,"[0, 1, 2]",6.059483626289063,6.1377961166826385,5.908442176790774,0.9999272731431577,0.9999751129251023,0.9998596097150078,-0.4955117452978051,-0.48707016141357384,-0.5006369446190846,0.00570049008667081,39-40M
0.14828792180509462,0.7332564367833244,rmsprop_banked,-0.16495315442476446,3,-0.03945319049593312,-0.24502752588553128,-0.12491596869438107,"[0, 1, 2]",6.047525603025183,6.126914827497958,5.900396757854455,0.9999268173807072,0.9999726369747439,0.999881180155258,-0.49485946327429337,-0.4864119238647502,-0.5000446336083454,0.0056039112928642255,last100
0.33117681417750666,0.0,rmsprop_shared,-2.357212818415301,3,-371.72969479840407,-2.6058357455321968,-2.2329013548568533,"[0, 1, 2]",70.33138518977607,70.76986790431988,69.81497673106755,0.32709603127674647,0.3401494852630094,0.31895751517315246,-7.071638455245903,-7.044362186788147,-7.121385219564434,2.264608803241185,0-1M
0.31681777761461827,0.0,rmsprop_shared,-2.1855201255926935,3,-94.04223187174375,-2.5155355417339247,-2.020512417522078,"[0, 1, 2]",66.86251023697221,68.4574143196471,65.07579967689823,0.41437305178112066,0.46003231017770596,0.3830335934848999,-6.55656037677808,-6.25743457189014,-6.72909738717339,3.212901576080564,1-2M
0.27033125783104633,0.0,rmsprop_shared,-1.3209656488298955,3,-56.61976726240392,-2.014736490844691,-0.9740802278224975,"[0, 1, 2]",46.38191064614803,47.80272223155772,43.85443024000353,0.780855160196271,0.8201850257225497,0.7567755719326884,-3.9628969464896864,-3.6333112538915002,-4.1890546606812755,1.1561541504103963,2-4M
0.17524689709657526,0.0,rmsprop_shared,-0.5146576099969326,3,-10.930328051251879,-1.055470586563538,-0.24425112171362987,"[0, 1, 2]",22.35069749709906,23.500429639220766,20.343395862712672,0.9779918591245627,0.9852435399271562,0.9716026131481372,-1.5439728299907978,-1.401848488845151,-1.627568712847978,0.16406573394266563,4-8M
0.19639031504722562,0.0,rmsprop_shared,-0.2669523184018175,3,-0.8952491140047021,-0.5196256694247529,-0.14061564289034978,"[0, 1, 2]",11.406976836913717,12.071228710462288,10.694750399478407,0.9999980941490375,1.0,0.9999942824471126,-0.8008569552054525,-0.7586121665891759,-0.8386453771289539,0.030451243882309492,8-10M
0.29778452327647115,0.0,rmsprop_shared,-0.2016527976073507,3,-0.17716355093771502,-0.3495137373958385,-0.12772232771310676,"[0, 1, 2]",7.99987745616841,8.127939514653876,7.81427657821205,0.9999798679597611,0.9999953091064316,0.9999638061748274,-0.6049583928220521,-0.5950502863790523,-0.6117574895329458,0.012247132414090943,10-20M
0.35300551291887605,0.0,rmsprop_shared,-0.17050417248574035,3,-0.06799072762524519,-0.2601592497287404,-0.12567663386424036,"[0, 1, 2]",6.270398787082952,6.514736626838415,6.143785088835373,0.9998428020881286,0.9999907802490808,0.9995831775676588,-0.511512517457221,-0.5027380508954837,-0.527710387866299,0.007678853605884881,20-30M
0.36423252241926596,0.0,rmsprop_shared,-0.16698892962647072,3,-0.05507938897694818,-0.25086108898367177,-0.1250528499478702,"[0, 1, 2]",6.0953142707886006,6.342948273471086,5.961763798951588,0.9999002073305144,1.0,0.999754163462387,-0.5009667888794122,-0.4917467207476458,-0.5169129234376774,0.006895498654867437,26-27M
0.36088039534976313,0.0,rmsprop_shared,-0.1621554930274879,3,-0.05126076654705352,-0.23714132461287207,-0.12466257723479583,"[0, 1, 2]",5.859805745337373,6.08169274675309,5.7335154962036725,0.9998510837080117,1.0,0.9995646600720729,-0.4864664790824637,-0.4774382348075596,-0.5028097564514958,0.0065163372903688154,29-30M
0.3536662015085205,0.0,rmsprop_shared,-0.15988610144695653,3,-0.048786375921744084,-0.23040526990204502,-0.12462651721941226,"[0, 1, 2]",5.749255162146166,5.949153080627042,5.648825016031082,0.9998034677364809,1.0,0.9994462373914804,-0.47965830434086953,-0.4719246727773377,-0.4950996971176557,0.006422404864335536,30-33M
0.32426878196831577,0.0,rmsprop_shared,-0.1512690240534302,2,-0.0201074229752534,-0.20928334290292888,-0.12226186462868088,"[1, 2]",5.430532185195227,5.437195989633213,5.4238683807572405,1.0,1.0,1.0,-0.4538070721602906,-0.4522968373046036,-0.4553173070159776,0.0038887356690428705,39-40M
0.34286047861088653,0.0,rmsprop_shared,-0.1548873150817212,3,-0.030072343019371915,-0.21808658366638342,-0.1232876807893901,"[0, 1, 2]",5.567573777871959,5.843435429501337,5.42226221343255,0.9999139283668395,1.0,0.9997471812158549,-0.46466194524516363,-0.4524753330077677,-0.4861182145763106,0.004824408575864551,last100
