actual_end_steps,actual_start_steps,alpha_null,episodes,epochs,failures,first_epoch,gate_entropy,group,last_epoch,mean_agent_return,policy_loss_per_episode,recorded_epoch_seconds,requested_hi,requested_lo,return_cap,return_nocap,seed,steps,steps_per_second,steps_taken,success_rate,successes,team_return,value_loss_per_episode,window
990350,0,0.33974800253990783,14002,46,9558,1,0.0,adam_shared,46,-2.384107032328713,-391.92346397156507,987.5905382446945,1000000,0,-2.617165404942148,-2.2675778460219944,0,990350,1002.7941354725918,70.7291815454935,0.3173832309670047,4444,-7.152321096986137,2.363101951873129,0-1M
1998603,990350,0.3395316188300206,15405,47,8564,47,0.0,adam_shared,93,-2.1056907930325632,-76.32708528881739,1095.4933490604162,2000000,1000000,-2.5094709509899356,-1.9038007140538769,0,1008253,920.3643279667187,65.4497241155469,0.4440765985069782,6841,-6.31707237909769,3.2325641224238186,1-2M
3980787,1998603,0.3481869518365871,46302,94,8492,94,0.0,adam_shared,187,-1.1413218291506482,-50.67891935683865,2763.8716747108847,4000000,2000000,-1.9315904280592617,-0.7461875296963414,0,1982184,717.1765672541026,42.80990022029286,0.8165953954472809,37810,-3.423965487451944,0.7641410125955835,2-4M
7991375,3980787,0.27651810589012915,147524,193,6421,188,0.0,adam_shared,380,-0.5926828854965971,-15.643502904597538,5450.596123103052,8000000,4000000,-1.2992058919226699,-0.23942138228356066,0,4010588,735.807223543973,27.186003633307124,0.9564748786638106,141103,-1.7780486564897913,0.20823524092148044,4-8M
9989013,7991375,0.18682746003775683,126675,98,127,381,0.0,adam_shared,478,-0.351715150319058,-3.0521333053521866,2674.8394451141357,10000000,8000000,-0.7361772251825539,-0.15948411288731007,0,1997638,746.8253855942223,15.769788829682257,0.9989974343793171,126548,-1.055145450957174,0.07038031369838683,8-10M
19993306,9989013,0.3046881758465853,1162684,496,19,479,0.0,adam_shared,974,-0.21265604698553806,-0.2556592094356701,13603.453334366903,20000000,10000000,-0.37965943454971424,-0.12915435320344995,0,10004293,735.4230395840583,8.604481527224937,0.999983658500504,1162665,-0.6379681409566141,0.014943255187111686,10-20M
29993416,19993306,0.402257249232492,1522517,497,92,975,0.0,adam_shared,1471,-0.17569549852864258,-0.061967134440794,13787.689395265654,30000000,20000000,-0.2755189597226172,-0.1257837679316553,0,10000110,725.2926660382839,6.5681434098929605,0.9999395737453178,1522425,-0.5270864955859278,0.007742980935022681,20-30M
26996964,25991079,0.41192698312521037,157305,50,5,1273,0.0,adam_shared,1322,-0.17251676679062966,-0.04883307312498688,1387.6688852142543,27000000,26000000,-0.2665296716569721,-0.12551031435745846,0,1005885,724.8739311789733,6.394488414227139,0.99996821461492,157300,-0.517550300371889,0.006876904311138843,26-27M
29993416,28987940,0.3988130216245142,166604,50,18,1422,0.0,adam_shared,1471,-0.16570910662409066,-0.048460022277346484,1391.7102040201426,30000000,29000000,-0.24697966435379703,-0.12507382775923748,0,1005476,722.4751224037498,6.035125207077861,0.9998919593767257,166586,-0.49712731987227193,0.006485843473048575,29-30M
32989323,29993416,0.38781529829525974,512247,149,49,1472,0.0,adam_shared,1620,-0.16157621876425501,-0.04321267297460275,4164.692676682025,33000000,30000000,-0.2358225621623943,-0.12445304706518535,0,2995907,719.3584815451048,5.848559386389769,0.9999043430220187,512198,-0.48472865629276507,0.005718485899755791,30-33M
39983772,38999052,0.3672219835976155,180565,49,3,1920,0.0,adam_shared,1968,-0.1517658460942043,-0.02177465967226617,1366.0445040613413,40000000,39000000,-0.21050563508985687,-0.12239595159637805,0,984720,720.8549919657536,5.45354858361255,0.9999833854844515,180562,-0.45529753828261293,0.0036372558971307398,39-40M
40626850,38617248,0.3683535471074642,368302,100,3,1901,0.0,adam_shared,2000,-0.15187572517481124,-0.021088686203606172,2791.390390912071,,,-0.21055655413220675,-0.12253531069611352,0,2009602,719.9286801812676,5.456397195779551,0.9999918545107005,368299,-0.4556271755244337,0.0036423130398877835,last100
989363,0,0.30440262308609767,14157,46,9370,1,0.0,adam_shared,46,-2.3564891337618583,-325.16269230977684,979.8039744328707,1000000,0,-2.603867344776433,-2.2328000282545712,1,989363,1009.756059187923,69.88507452143816,0.3381366108638836,4787,-7.069467401285576,2.5253768273476287,0-1M
1994886,989363,0.27207245018137866,16200,47,7870,47,0.0,adam_shared,93,-1.9907479423868295,-81.53076337774598,1086.5794283282012,2000000,1000000,-2.402740740740738,-1.784751543209875,1,1005523,925.4022060284045,62.06932098765432,0.5141975308641975,8330,-5.972243827160489,2.6941589591560673,1-2M
3979999,1994886,0.2603801427600722,46860,94,8366,94,0.0,adam_shared,187,-1.1163252240717025,-47.818902733518,2764.528699669987,4000000,2000000,-1.9391741357234302,-0.7049007682458387,1,1985113,718.065614669499,42.362633376013655,0.821468203158344,38494,-3.3489756722151074,0.710755570310967,2-4M
7989811,3979999,0.1964693455131822,172240,194,3990,188,0.0,adam_shared,381,-0.5181993149094287,-10.867238733866419,5475.2070056684315,8000000,4000000,-1.1058914886205296,-0.2243532280538783,1,4009812,732.3580635122432,23.280376219228984,0.9768346493265211,168250,-1.5545979447282863,0.16448089204196503,4-8M
9993922,7989811,0.1690825875670731,168597,99,0,382,0.0,adam_shared,480,-0.2765856846009518,-1.099805801500057,2728.35902620852,10000000,8000000,-0.5435221267282336,-0.14311746353731086,1,2004111,734.5481224239849,11.886990871723697,1.0,168597,-0.8297570538028555,0.034339193523757056,8-10M
19990583,9993922,0.2768808766156073,1257113,496,5,481,0.0,adam_shared,976,-0.20083121671109386,-0.19387838587111886,13805.937992218882,20000000,10000000,-0.3466706254728095,-0.12791151233023604,1,9996661,724.0841589781285,7.952078293677657,0.9999960226328103,1257108,-0.6024936501332816,0.012342210706624225,10-20M
29986986,19990583,0.3060290165742707,1607439,497,16,977,0.0,adam_shared,1473,-0.16882007134744564,-0.044888176015167536,13822.001021577045,30000000,20000000,-0.25657315767503464,-0.12494352818365113,1,9996403,723.2240096347094,6.218838164309812,0.9999900462785835,1607423,-0.5064602140423369,0.006450093142432242,20-30M
26991241,25985887,0.3098760915234945,166114,50,1,1275,0.0,adam_shared,1324,-0.1655802641559411,-0.03498092841416258,1383.5585190560669,27000000,26000000,-0.2478051217838352,-0.12446783534199407,1,1005354,726.6436411275924,6.052193072227507,0.9999939800378054,166113,-0.4967407924678233,0.005642215751879737,26-27M
29986986,28981899,0.29846920925731935,174130,50,0,1424,0.0,adam_shared,1473,-0.15947070196596413,-0.03015811932253143,1387.164845444262,30000000,29000000,-0.23087118819272956,-0.12377045885258141,1,1005087,724.5620470421485,5.772049618101419,1.0,174130,-0.4784121058978924,0.004978857253016591,29-30M
32982047,29986986,0.28780046932183473,531299,149,0,1474,0.0,adam_shared,1622,-0.15642767380828246,-0.027339784384104164,4157.382159775123,33000000,30000000,-0.2225008893297371,-0.12339106604755515,1,2995061,720.4199385321858,5.637241929685544,1.0,531299,-0.4692830214248474,0.004596591416097679,30-33M
39995881,38991184,0.26531626338264536,186257,50,0,1922,0.0,adam_shared,1971,-0.14954507302633815,-0.02026272978387758,1391.3987683001906,40000000,39000000,-0.2049982014098799,-0.12181850883456731,1,1004697,722.0769652019983,5.394143575811916,1.0,186257,-0.4486352190790145,0.0036346196414081414,39-40M
40578698,38569106,0.26362765247969405,372525,100,0,1901,0.0,adam_shared,2000,-0.14952455092499384,-0.02059187739191963,2756.2244512066245,,,-0.20503107174015167,-0.12177129051741495,1,2009592,729.1104318881713,5.394515804308436,1.0,372525,-0.4485736527749815,0.0036390043187743766,last100
989256,0,0.3521469517220911,14057,46,9511,1,0.0,adam_shared,46,-2.349769984112302,-357.60187179670066,987.5678713992238,1000000,0,-2.6054350145834784,-2.221937468876714,2,989256,1001.7093798306585,70.37461762822792,0.32339759550401936,4546,-7.049309952336906,2.336945137956756,0-1M
1996576,989256,0.3360375464002818,15339,47,8938,47,0.0,adam_shared,93,-2.215405176347869,-92.5444816344507,1096.8720355201513,2000000,1000000,-2.5046939174652816,-2.070760805789163,2,1007320,918.3568979605861,65.67051307125628,0.41730230132342394,6401,-6.646215529043608,3.4750182411364836,1-2M
3986490,1996576,0.26484533954236755,44463,94,8826,94,0.0,adam_shared,187,-1.2256730315093443,-50.21313115268726,2773.2930271439254,4000000,2000000,-1.9690383015091184,-0.8539903965094571,2,1989914,717.5274954804585,44.75438004633066,0.8014978746373389,35637,-3.677019094528033,0.8828482403396004,2-4M
7989740,3986490,0.1714138829600636,152887,193,5545,188,0.0,adam_shared,380,-0.574008690514345,-13.719395235192563,5411.345266852528,8000000,4000000,-1.2486218579735358,-0.23670210678474954,2,4003250,739.7883155824694,26.184371463891633,0.9637313833092415,147342,-1.7220260715430349,0.20096822111312757,4-8M
9984516,7989740,0.14487781928401833,129747,98,25,381,0.0,adam_shared,478,-0.3433076166179822,-2.3829014017486747,2659.710296727717,10000000,8000000,-0.716282842763224,-0.15682000354536135,2,1994776,749.9974724518697,15.37435162277355,0.9998073173175488,129722,-1.0299228498539468,0.06206629423188701,8-10M
19990539,9984516,0.2880042105144316,1161381,496,0,479,0.0,adam_shared,974,-0.21283680090053708,-0.2641884953476705,13580.301203530282,20000000,10000000,-0.38015625363252886,-0.12917707453454122,2,10006023,736.8042026489717,8.61562484662656,1.0,1161381,-0.6385104027016113,0.014426901798842049,10-20M
29985606,19990539,0.3561066042978643,1628064,497,0,975,0.0,adam_shared,1471,-0.16715266312217048,-0.042436642548543395,13816.205950081348,30000000,20000000,-0.25223431019910764,-0.12461183958370188,2,9995067,723.4306607843487,6.1392346983902355,1.0,1628064,-0.5014579893665113,0.00575079102424193,20-30M
26990599,25985186,0.3560631864621872,170127,50,0,1273,0.0,adam_shared,1322,-0.16269747502356083,-0.033645855792846284,1394.7355615328997,27000000,26000000,-0.23973560928012602,-0.12417840789527824,2,1005413,720.862812800865,5.909779164976753,1.0,170127,-0.48809242507068246,0.005058020343950678,26-27M
29985606,28980567,0.3686711552614786,177778,50,0,1422,0.0,adam_shared,1471,-0.15695764755294056,-0.027875905721733284,1394.5043442696333,30000000,29000000,-0.22397653252933433,-0.12344820506474367,2,1005039,720.7141405689816,5.653337308328364,1.0,177778,-0.47087294265882174,0.0044121345895482686,29-30M
32980298,29985606,0.36136681483815,538950,149,0,1472,0.0,adam_shared,1620,-0.15474082320561586,-0.024259638376339553,4169.299132177606,33000000,30000000,-0.21757111049262454,-0.12332567956211152,2,2994692,718.2722815179457,5.556530290379442,1.0,538950,-0.4642224696168476,0.004117612039555235,30-33M
39993916,38989078,0.3161594295410516,187640,50,0,1920,0.0,adam_shared,1969,-0.14829185319405955,-0.018125748671455305,1394.6322206612676,40000000,39000000,-0.20185221701129824,-0.12151167128544021,2,1004838,720.5039329462459,5.355137497335323,1.0,187640,-0.4448755595821786,0.003233872054315477,39-40M
40616881,38607362,0.3130338243560084,375431,100,0,1901,0.0,adam_shared,2000,-0.14821618353305932,-0.018017443576674248,2792.824892923236,,,-0.2015864433144839,-0.12153105364234706,2,2009519,719.5291781779582,5.352565451441143,1.0,375431,-0.444648550599178,0.0032293373199441264,last100
991132,0,0.3394840023101409,14005,46,9538,1,0.0,rmsprop_shared,46,-2.3737950731881443,-403.65128521614304,2530.235959868878,1000000,0,-2.609068189932164,-2.2561585148161347,0,991132,391.71524542373606,70.76986790431988,0.31895751517315246,4467,-7.121385219564434,2.234644788392953,0-1M
1999852,991132,0.33473257097035763,14735,47,9091,47,0.0,rmsprop_shared,93,-2.2430324623911297,-101.16086566042607,2604.189442705363,2000000,1000000,-2.556301323379705,-2.0863980318968425,0,1008720,387.34509228026474,68.4574143196471,0.3830335934848999,5644,-6.72909738717339,3.322012176102122,1-2M
3991618,1999852,0.32543224809757587,41942,94,9831,94,0.0,rmsprop_shared,187,-1.3554416416320945,-58.478433425142825,5491.481539789587,4000000,2000000,-2.040468980973724,-1.0129279719612796,0,1991766,362.7010280501311,47.48857946688284,0.765604882933575,32111,-4.066324924896283,1.2377687098822496,2-4M
7984576,3991618,0.2181742075369479,169910,193,4825,188,0.0,rmsprop_shared,380,-0.5425229042826595,-12.705420326708571,13060.411122100428,8000000,4000000,-1.1105129186039666,-0.25852789712200575,0,3992958,305.72988573408986,23.500429639220766,0.9716026131481372,165085,-1.627568712847978,0.18910143302034407,4-8M
9988047,7984576,0.21176549588376817,174900,99,1,381,0.0,rmsprop_shared,479,-0.2684377739660759,-0.9219318379215624,8693.726485686377,10000000,8000000,-0.522076043453402,-0.14161863922241283,0,2003471,230.45019915206413,11.454951400800457,0.9999942824471126,174899,-0.8053133218982277,0.032356952594903426,8-10M
19985819,9988047,0.3297976641985823,1230050,496,24,480,0.0,rmsprop_shared,975,-0.2039191631776486,-0.18416024881458812,53537.13088922575,20000000,10000000,-0.3559215072558026,-0.1279179911385716,0,9997772,186.74463561909016,8.127939514653876,0.9999804885980245,1230026,-0.6117574895329458,0.012665204635107686,10-20M
29988715,19985819,0.39079557092526646,1535426,497,640,976,0.0,rmsprop_shared,1472,-0.17590346262209966,-0.09957529798953729,62428.002993742004,30000000,20000000,-0.2731105895041506,-0.12729989918107418,0,10002896,160.2309143382774,6.514736626838415,0.9995831775676588,1534786,-0.527710387866299,0.00957149300989981,20-30M
26990768,25984510,0.4003698946845417,158642,50,39,1274,0.0,rmsprop_shared,1323,-0.1723043078125591,-0.07401243528797527,6399.082302227616,27000000,26000000,-0.2643029588633527,-0.1263049822871623,0,1006258,157.250360672765,6.342948273471086,0.999754163462387,158603,-0.5169129234376774,0.007988265246966234,26-27M
29988715,28982876,0.38901445296911225,165388,50,72,1423,0.0,rmsprop_shared,1472,-0.16760325215049862,-0.08277758508552291,6583.343485448509,30000000,29000000,-0.24969465741166227,-0.12655754951991682,0,1005839,152.7854352766578,6.08169274675309,0.9995646600720729,165316,-0.5028097564514958,0.008399011571457799,29-30M
32986053,29988715,0.3812385624348492,503826,149,279,1473,0.0,rmsprop_shared,1621,-0.1650332323725519,-0.08147054053387773,19770.126017125323,33000000,30000000,-0.24185621623338216,-0.12662174044213678,0,2997338,151.60945344524558,5.949153080627042,0.9994462373914804,503547,-0.4950996971176557,0.008688136448383404,30-33M
,,,0,,,,,rmsprop_shared,,,,,,,,,0,,,,,,,,39-40M
33669601,31658758,0.3791014051928857,344120,100,87,1556,0.0,rmsprop_shared,1655,-0.1620394048587702,-0.04937809985982625,13388.46948122792,,,-0.23567156805765432,-0.12522332325932814,0,2010843,150.19214876050015,5.843435429501337,0.9997471812158549,344033,-0.4861182145763106,0.00665689858240775,last100
990116,0,0.300935800787569,14182,46,9358,1,0.0,rmsprop_shared,46,-2.3497226531283766,-332.7525164696552,2096.7751240152866,1000000,0,-2.5984945705824254,-2.2253366944013515,1,990116,472.20895968278455,69.81497673106755,0.3401494852630094,4824,-7.049167959385129,2.3690812507870835,0-1M
1997164,990116,0.270537775606413,15475,47,8356,47,0.0,rmsprop_shared,93,-2.08581152396338,-75.61428408421096,2130.663365550339,2000000,1000000,-2.4646978998384466,-1.8963683360258465,1,1007048,472.64528798048053,65.07579967689823,0.46003231017770596,7119,-6.25743457189014,3.085872538581363,1-2M
3983375,1997164,0.2246703218671277,45291,94,8144,94,0.0,rmsprop_shared,187,-1.2111037512971667,-51.55454935065408,4206.31789740175,4000000,2000000,-1.9494723013402206,-0.8419194762756396,1,1986211,472.19707317577826,43.85443024000353,0.8201850257225497,37147,-3.6333112538915002,0.8959007556154959,2-4M
7993750,3983375,0.1666679584032249,197134,195,2909,188,0.0,rmsprop_shared,382,-0.4672828296150503,-8.726326884480763,8340.918200712651,8000000,4000000,-0.9585188247587935,-0.22166483204317877,1,4010375,480.8073767774574,20.343395862712672,0.9852435399271562,194225,-1.401848488845151,0.13241178114070368,4-8M
9994941,7993750,0.21375107368678062,187119,99,0,383,0.0,rmsprop_shared,481,-0.25287072219639195,-0.7392895984443506,4214.134009337053,10000000,8000000,-0.4841771813658688,-0.13721749261165356,1,2001191,474.8759758389406,10.694750399478407,1.0,187119,-0.7586121665891759,0.02623791698147658,8-10M
19989979,9994941,0.2701684915756304,1279074,496,6,482,0.0,rmsprop_shared,977,-0.19835009545968413,-0.15876124403422462,21556.751134766266,20000000,10000000,-0.3401732034268541,-0.12743854147609912,1,9995038,463.6616128986254,7.81427657821205,0.9999953091064316,1279068,-0.5950502863790523,0.01172069000691436,10-20M
29985561,19989979,0.29356225603912395,1626942,497,15,978,0.0,rmsprop_shared,1474,-0.16757935029849458,-0.05126647653705926,22115.625456076115,30000000,20000000,-0.25330260697676993,-0.12471772195935688,1,9995582,451.96922057900844,6.143785088835373,0.9999907802490808,1626927,-0.5027380508954837,0.0068309603302931805,20-30M
26990224,25984856,0.29943885478208226,168636,50,0,1276,0.0,rmsprop_shared,1325,-0.1639155735825486,-0.0451939445387706,2232.125369731337,27000000,26000000,-0.24356068692331412,-0.12409301691216587,1,1005368,450.4083926616578,5.961763798951588,1.0,168636,-0.4917467207476458,0.00636267210459636,26-27M
29985561,28980404,0.29815226750544493,174379,50,0,1425,0.0,rmsprop_shared,1474,-0.15971714866277859,-0.03809357319134795,2240.5134977083653,30000000,29000000,-0.23173633292999732,-0.12370755652916922,1,1005157,448.62796007615725,5.764208993055356,1.0,174379,-0.47915144598833576,0.005695672159881175,29-30M
32980389,29985561,0.3002627929516201,530078,149,0,1475,0.0,rmsprop_shared,1623,-0.15731684770920507,-0.03222357751701076,6688.970967695117,33000000,30000000,-0.22495528959888922,-0.12349762676436297,1,2994828,447.72626678509215,5.649787389780372,1.0,530078,-0.4719505431276152,0.00523921340294033,30-33M
39994685,38989777,0.2914465089717823,184821,50,0,1923,0.0,rmsprop_shared,1972,-0.15177243567199253,-0.020862625351754243,2353.790360722691,40000000,39000000,-0.2103746327527716,-0.12247133713160302,1,1004908,426.9318188946361,5.437195989633213,1.0,184821,-0.4553173070159776,0.003995240029884092,39-40M
40557314,38547578,0.29200634916884705,369639,100,0,1901,0.0,rmsprop_shared,2000,-0.1517974293838042,-0.021245130042385405,4706.485415533185,,,-0.210439239365976,-0.12247652439271832,1,2009736,427.01417779116235,5.43702369068199,1.0,369639,-0.4553922881514126,0.004010192274053849,last100
989110,0,0.35311063943481,14048,46,9522,1,0.0,rmsprop_shared,46,-2.3481207289293824,-378.78528270941405,2119.2922978494316,1000000,0,-2.6099444760820014,-2.217208855353073,2,989110,466.7171210897652,70.40931093394077,0.32218109339407747,4526,-7.044362186788147,2.190100370543519,0-1M
1996467,989110,0.3451829862670842,15023,47,9013,47,0.0,rmsprop_shared,93,-2.2277163904235704,-105.35154587059422,2153.285324672237,2000000,1000000,-2.525607401983622,-2.078770884643544,2,1007357,467.82327843772174,67.0543167143713,0.4000532516807562,6010,-6.683149171270712,3.230820013558208,1-2M
3987785,1996467,0.2608912035284354,41657,94,10132,94,0.0,rmsprop_shared,187,-1.3963515535604254,-59.82631901141485,4258.639478992671,4000000,2000000,-2.0542681902201294,-1.0673932352305733,2,1991318,467.59487620939024,47.80272223155772,0.7567755719326884,31525,-4.1890546606812755,1.334792985733443,2-4M
7996108,3987785,0.14089852534955297,172711,194,3950,188,0.0,rmsprop_shared,381,-0.534167096093088,-11.359236942566303,8406.66024167277,8000000,4000000,-1.097380016327854,-0.2525606359757051,2,4008323,476.8032589363238,23.208266989363736,0.9771294242983944,168761,-1.602501288279264,0.17068398766694914,4-8M
9980618,7996108,0.16365437557112805,164400,98,0,382,0.0,rmsprop_shared,479,-0.2795484590429846,-1.0245259056481932,4192.801592616364,10000000,8000000,-0.5526237834549879,-0.14301079683698298,2,1984510,473.3135962108904,12.071228710462288,1.0,164400,-0.8386453771289539,0.03275886207054847,8-10M
19998452,9980618,0.2933874140552007,1243306,497,45,480,0.0,rmsprop_shared,976,-0.20268913418471934,-0.18856915996433235,21754.35304635763,20000000,10000000,-0.3524465015048588,-0.1278104505246496,2,10017834,460.49790488608915,8.057416275639303,0.9999638061748274,1243261,-0.608067402554158,0.012355502600250782,10-20M
29993675,19998452,0.3746587117922377,1624533,497,74,977,0.0,rmsprop_shared,1473,-0.16802970453662683,-0.05313040834913902,22310.804848447442,30000000,20000000,-0.25406455270530054,-0.12501228045229,2,9995223,447.9992123948655,6.1526746455750665,0.9999544484476461,1624459,-0.5040891136098805,0.006634107477461651,20-30M
26998211,25992802,0.3928888177911739,168094,50,9,1275,0.0,rmsprop_shared,1324,-0.16474690748430443,-0.04603178710409867,2251.872693663463,27000000,26000000,-0.24471962116434853,-0.12476055064428236,2,1005409,446.4768380686515,5.981230739943127,0.9999464585291563,168085,-0.4942407224529133,0.006335558613039717,26-27M
29993675,28988584,0.39547446557473215,175301,50,2,1424,0.0,rmsprop_shared,1473,-0.15914607826918653,-0.032911141364289694,2261.5795811843127,30000000,29000000,-0.22999298349695665,-0.12372262565530145,2,1005091,444.4199126849509,5.7335154962036725,0.999988591051962,175299,-0.4774382348075596,0.005454328139767473,29-30M
32988795,29993675,0.3794972491390923,530220,149,19,1474,0.0,rmsprop_shared,1622,-0.1573082242591126,-0.03266500971434376,6750.335400599986,33000000,30000000,-0.2244043038738637,-0.12376018445173702,2,2995120,443.699434510141,5.648825016031082,0.9999641658179623,530201,-0.4719246727773377,0.005339864741682873,30-33M
39983052,38998327,0.3570910549648492,181554,49,0,1922,0.0,rmsprop_shared,1970,-0.15076561243486788,-0.01935222059875255,2325.964529301971,40000000,39000000,-0.20819205305308613,-0.12205239212575875,2,984725,423.362002126283,5.4238683807572405,1.0,181554,-0.4522968373046036,0.0037822313082016483,39-40M
40586013,38576322,0.3574736814709268,370637,100,2,1901,0.0,rmsprop_shared,2000,-0.15082511100258925,-0.01959379915590409,4637.641485726461,,,-0.20814894357551997,-0.12216319471612387,2,2009691,433.34332897127626,5.42226221343255,0.9999946038846634,370635,-0.4524753330077677,0.0038061348711320537,last100
989334,0,0.3291772580646626,13870,46,9753,1,1.3822807986744718,rmsprop_banked,46,-2.4193330930064865,-374.06720161194306,3308.6066289693117,1000000,0,-2.6432119682768533,-2.3073936553713024,0,989334,299.0183212889816,71.32905551550108,0.2968276856524874,4117,-7.257999279019459,2.4863623198092815,0-1M
1998910,989334,0.3136842654691983,14565,47,9330,47,1.365010267952567,rmsprop_banked,93,-2.28094175534958,-76.58675656516787,3427.7141531649977,2000000,1000000,-2.556045314109163,-2.1433899759697885,0,1009576,294.53331138123133,69.315207689667,0.35942327497425336,5235,-6.84282526604874,3.837384755807953,1-2M
3982359,1998910,0.26084550566891934,34261,93,13498,94,1.2778305329344783,rmsprop_banked,186,-1.7727411147757883,-74.57925860393033,6926.190491911024,4000000,2000000,-2.247216952219723,-1.535503196053821,0,1983449,286.36939776872083,57.892326552056275,0.6060243425469193,20763,-5.318223344327365,1.833069772796425,2-4M
7990626,3982359,0.14549809938509597,115367,191,12215,187,1.15585668998947,rmsprop_banked,377,-0.8050326349822737,-27.520446264587516,11909.748201387934,8000000,4000000,-1.6387086428528082,-0.3881946310470065,0,4008267,336.55346294667135,34.74361819237737,0.8941205023966993,103152,-2.4150979049468213,0.37996240092452227,4-8M
9994919,7990626,0.0661445279130324,87728,97,1554,378,1.1057635542954753,rmsprop_banked,474,-0.48856370448051556,-8.500840143354486,6094.537242159247,10000000,8000000,-1.087616268466168,-0.18903742248768923,0,2004293,328.867134675166,22.84667380995805,0.9822861572132044,86174,-1.4656911134415465,0.15562092521619983,8-10M
19986630,9994919,0.04227048659071559,875333,493,375,475,1.0879613572544693,rmsprop_banked,967,-0.2655427324991365,-0.8707816020353815,38205.43892462831,20000000,10000000,-0.5195814050195754,-0.13852339623891707,0,9991711,261.52587906951277,11.414754156418185,0.9995715916114211,874958,-0.7966281974974097,0.03612670865447953,10-20M
29983423,19986630,0.05176260435830116,1263372,496,226,968,1.0168267703825034,rmsprop_banked,1463,-0.20029915970909598,-0.1210420082563367,24155.315054502338,30000000,20000000,-0.34500313446870756,-0.12794717232929018,0,9996793,413.8547966542331,7.912786574342316,0.9998211136545689,1263146,-0.600897479127288,0.012094856165447275,20-30M
26981280,25993993,0.05244962202044019,128386,49,18,1266,1.0034832904497084,rmsprop_banked,1314,-0.19593971824549922,-0.10327795604447002,2375.323906466365,27000000,26000000,-0.3338603897621236,-0.12697938248718707,0,987287,415.6431033731021,7.689989562724907,0.9998597977972676,128368,-0.5878191547364977,0.01083125716470545,26-27M
29983423,28996666,0.05899316438631575,135158,49,24,1415,0.989008777359149,rmsprop_banked,1463,-0.18943952016652116,-0.08659022570172976,2367.7385929394513,30000000,29000000,-0.3138430577546279,-0.1272377513724678,0,986757,416.75081993531273,7.300766510306456,0.9998224300448364,135134,-0.5683185604995635,0.009537802165133795,29-30M
32983483,29983423,0.065298002535856,427909,149,91,1464,0.9766988077893032,rmsprop_banked,1612,-0.18426316498757134,-0.08086668690136295,7234.665837015025,33000000,30000000,-0.29875884825979354,-0.12701532335146024,0,3000060,414.67844784905844,7.010976632882225,0.9997873379620433,427818,-0.552789494962714,0.008892643436772065,30-33M
39984768,38999162,0.10867004596823285,160726,49,4,1912,0.9177101454564324,rmsprop_banked,1960,-0.16627604328691895,-0.03067208565910426,7066.226574912667,40000000,39000000,-0.2491245971404751,-0.12485176636014085,0,985606,139.48123366143,6.132212585393776,0.9999751129251023,160722,-0.49882812986075686,0.005408953670342314,39-40M
40789296,38777918,0.11138739822575985,328911,100,9,1901,0.915075112388475,rmsprop_banked,2000,-0.16604061078326154,-0.02876463252750045,10843.12362992391,,,-0.248154059912864,-0.12498388621846032,0,2011378,185.49802332320309,6.115265223723135,0.9999726369747439,328902,-0.4981218323497846,0.005263424865479846,last100
988729,0,0.3345549502169301,14094,46,9327,1,1.3831331289891873,rmsprop_banked,46,-2.324570739321695,-333.1167393160236,3437.0418242868036,1000000,0,-2.5869554420320675,-2.1933783879665083,1,988729,287.66859716790447,70.15247623102029,0.3382290336313325,4767,-6.973712217965084,2.288280626764805,0-1M
1997648,988729,0.33396971266495923,14664,47,9519,47,1.3655942486968242,rmsprop_banked,93,-2.343614748136022,-93.48998821625987,3563.388078862801,2000000,1000000,-2.5838720676486604,-2.223486088379703,1,1008919,283.134752003206,68.80244135297326,0.3508592471358429,5145,-7.030844244408066,3.9027909246865846,1-2M
3979533,1997648,0.31656550528942445,34475,93,13616,94,1.2995396134338204,rmsprop_banked,186,-1.788690355329948,-72.5129274817326,7228.490814849734,4000000,2000000,-2.311853517041332,-1.5271087744742557,1,1981885,274.17687187601405,57.487599709934734,0.6050471356055113,20859,-5.366071065989844,1.895955015592827,2-4M
7980512,3979533,0.2220332043216867,121275,191,11233,187,1.039017332081996,rmsprop_banked,377,-0.7554783206211775,-25.20601930026869,13008.771563822404,8000000,4000000,-1.567487940630797,-0.3494735106163678,1,4000979,307.56009361612473,32.99096268810555,0.9073757988043702,110042,-2.2664349618635327,0.3298995339142227,4-8M
9987241,7980512,0.11850532161540694,107256,98,513,378,0.8828940070144314,rmsprop_banked,475,-0.4092956726585615,-4.610252095529178,6045.996994595043,10000000,8000000,-0.8813283172969346,-0.17327935033937494,1,2006729,331.9103535436688,18.709713209517417,0.9952170507943612,106743,-1.2278870179756844,0.09720025473451101,8-10M
19984587,9987241,0.10247873724265436,911685,494,286,476,0.7882171928600042,rmsprop_banked,969,-0.2544807325629649,-0.5390891382856758,39381.21904299036,20000000,10000000,-0.4970163488485606,-0.13321292442016705,1,9997346,253.86075502351605,10.965789719036728,0.9996862951567702,911399,-0.7634421976888948,0.026004784186544255,10-20M
29999109,19984587,0.16092665245606735,1299384,497,152,970,0.7777975138688948,rmsprop_banked,1466,-0.19629691197264754,-0.13151428620699937,25120.479979660362,30000000,20000000,-0.3338378416234154,-0.12752644714726363,1,10014522,398.65965969235435,7.7071304556620674,0.9998830214932615,1299232,-0.5888907359179426,0.012358862054376871,20-30M
26999292,25992236,0.16826856967592205,136198,50,6,1268,0.7877876126482749,rmsprop_banked,1317,-0.19033894281364874,-0.09675298009565998,2530.4474425632507,27000000,26000000,-0.31795474236038707,-0.1265310430402796,1,1007056,397.9754659436392,7.3940586499067535,0.9999559464896695,136192,-0.5710168284409464,0.010684226377809311,26-27M
29999109,28992686,0.17308520463845928,146781,50,5,1417,0.753265133340857,rmsprop_banked,1466,-0.18086877729406395,-0.06098081361418235,2537.0497818421572,30000000,29000000,-0.28994284001335324,-0.12633174593441931,1,1006423,396.69028459868616,6.856629945292647,0.9999659356456218,146776,-0.5426063318821919,0.008635800759355914,29-30M
32997698,29999109,0.16414580424439562,454806,149,48,1467,0.7339295391441187,rmsprop_banked,1615,-0.17613927696644283,-0.0577328449531489,7559.379959169775,33000000,30000000,-0.2756006956812355,-0.1264085676090465,1,2998589,396.67128999946794,6.593116625550235,0.9998944604952441,454758,-0.5284178308993285,0.007722740090957802,30-33M
39997512,38992356,0.13672406588262032,170122,50,9,1914,0.6755407959721179,rmsprop_banked,1963,-0.16235672047119126,-0.030810104656736417,2082.8582751955837,40000000,39000000,-0.23746223298573965,-0.12480396421391708,1,1005156,482.5849228294778,5.908442176790774,0.9999470967893629,170113,-0.48707016141357384,0.005287227900562061,39-40M
40741476,38730845,0.13372026132554893,340762,100,25,1901,0.6754439365295991,rmsprop_banked,2000,-0.16213730795491674,-0.032426414719586835,4386.559484966099,,,-0.23691770209119561,-0.1247471108867773,1,2010631,458.3617313046739,5.900396757854455,0.9999266350121199,340737,-0.4864119238647502,0.005323763494832642,last100
989847,0,0.3299491705552818,14054,46,9412,1,1.3852307819706522,rmsprop_banked,46,-2.3399637113988874,-342.20808802915644,2938.7447802443057,1000000,0,-2.59302689625729,-2.213432118969686,2,989847,336.82645960079304,70.43169204496941,0.3302974242208624,4642,-7.019891134196663,2.336085567738279,0-1M
1998857,989847,0.3224816076114174,14757,47,9394,47,1.3646057814005108,rmsprop_banked,93,-2.312782634230081,-85.66626079240865,3021.0119978040457,2000000,1000000,-2.5786101511147224,-2.1798688757877596,2,1009010,333.9973494754218,68.37500847055635,0.3634207494748255,5363,-6.938347902690242,3.849527305790223,1-2M
3980138,1998857,0.26117737329820784,35200,93,13126,94,1.1329418393638666,rmsprop_banked,186,-1.6922088068181806,-68.81280782268276,6198.097190821543,4000000,2000000,-2.263654829545452,-1.4064857954545447,2,1981281,319.65955663521726,56.28639204545455,0.6271022727272727,22074,-5.076626420454542,1.7083969280154605,2-4M
7994421,3980138,0.06594642374605207,143054,193,7343,187,0.8081482338481283,rmsprop_banked,379,-0.6664889948317884,-18.05829264048261,10021.592636393383,8000000,4000000,-1.322174144029527,-0.338646420232919,2,4014283,400.5633780624991,28.061312511359347,0.9486697331077775,135711,-1.999466984495365,0.2699661668374723,4-8M
9991771,7994421,0.020279225833442653,126012,98,57,380,0.7808839156135505,rmsprop_banked,477,-0.35993463585478636,-2.703720051328785,4705.575453480706,10000000,8000000,-0.739964051042758,-0.16991992826080057,2,1997350,424.4645569379966,15.850474557978606,0.9995476621274164,125955,-1.0798039075643588,0.07243199219399575,8-10M
19997446,9991771,0.07774299922722784,992752,495,23,478,0.7288716016574088,rmsprop_banked,972,-0.24032677177515968,-0.47103279214540544,37323.89065882936,20000000,10000000,-0.4531088328202814,-0.13393574125259886,2,10005675,268.07695616354647,10.078725603171788,0.999976832078908,992729,-0.7209803153254791,0.025350433299964194,10-20M
29991055,19997446,0.14979418758570867,1300204,496,131,973,0.674881196330951,rmsprop_banked,1468,-0.19636408337973632,-0.10996621119885444,25175.01806225255,30000000,20000000,-0.33354189034951437,-0.1277751798948473,2,9993609,396.96531598459615,7.686185398598989,0.9998992465797675,1300073,-0.589092250139209,0.011292573356839704,20-30M
26990209,25983001,0.1602777770405692,133981,50,17,1270,0.6700786830346515,rmsprop_banked,1319,-0.19338077787148922,-0.09374417997565275,2630.4900645688176,27000000,26000000,-0.32506512117389774,-0.12753860622028496,2,1007208,382.8974735797372,7.517543532291892,0.9998731163373912,133964,-0.5801423336144678,0.010349052212229539,26-27M
29991055,28984179,0.16800644102359583,140687,50,24,1419,0.6668375550599508,rmsprop_banked,1468,-0.1871118155906374,-0.08837601764930883,2655.3271852321923,30000000,29000000,-0.3066829202413869,-0.1273262632652626,2,1006876,379.19093571587666,7.156851734701856,0.9998294085452103,140663,-0.5613354467719122,0.009635514264842875,29-30M
32990635,29991055,0.17051896216875356,432781,149,77,1469,0.6531801181989968,rmsprop_banked,1617,-0.18330314100357148,-0.08136250105550616,7876.421178171411,33000000,30000000,-0.29491232286075403,-0.1274985500749802,2,2999580,380.8303202872122,6.930941977582195,0.9998220809139033,432704,-0.5499094230107144,0.008863835453032983,30-33M
39991950,38986401,0.1990677150467444,163829,50,23,1916,0.609388159980186,rmsprop_banked,1965,-0.16687898153969485,-0.06341504910248194,2669.463645786047,40000000,39000000,-0.2506696006201588,-0.12498367199946286,2,1005549,376.68578165030874,6.1377961166826385,0.9998596097150078,163806,-0.5006369446190846,0.006405288689108055,39-40M
40695846,38684821,0.1997561058639751,328228,100,39,1901,0.6092502614318991,rmsprop_banked,2000,-0.16668154453611514,-0.057168524240712074,5336.259990692139,,,-0.25001081565253425,-0.1250169089779056,2,2011025,376.86038602087683,6.126914827497958,0.999881180155258,328189,-0.5000446336083454,0.006224545518280188,last100
