task,variant,backend,pair,profiled,post_first_update_steps_per_second,all_update_steps_per_second,segment_steps_per_second,process_steps_per_second,startup_seconds,first_update_seconds,segment_seconds,process_seconds
pp,real,dgl,1,False,363.4863394011733,343.2746650904516,341.07122409714754,152.38577794119618,146.67990353517234,12.975768487900496,126.65682985819876,283.4844601880759
pp,real,torch-v1,1,False,506.0009583007669,507.50212695028,504.4320150272474,439.10787103607754,11.406332010403275,4.041927691549063,85.63889426738024,98.37901538424194
pcp,real,dgl,1,False,203.8369133151367,204.81362324152389,203.92131151093832,192.7671882199149,10.578064635396004,9.206423232331872,211.20892015099525,223.43014077097178
pcp,real,torch-v1,1,False,275.3409199891359,277.24200740990136,276.2855328073924,255.9856235320798,10.756434448063374,6.488911837339401,155.88945089653134,168.25163618847728
fc,real,dgl,1,False,212.61832045610552,212.71667834268385,211.8440588234639,201.2161812673454,10.673343075439334,10.658105542883277,233.69548466429114,246.0388607326895
fc,real,torch-v1,1,False,297.8624115816002,299.2465399184432,298.28651026414985,277.78891838780015,10.72506128065288,6.915983136743307,165.9713003989309,178.2180523518473
pcp,binary,dgl,1,False,155.78734931660728,156.67226370479946,155.89786423054525,149.17343305118823,10.711740277707577,12.49485781043768,277.6240727454424,290.13879425264895
pcp,binary,torch-v1,1,False,198.95111280856827,200.88579232966393,200.08534341582407,189.0153316080411,10.846979081630707,8.917626895010471,216.3126956783235,228.981425113976
pp,real,torch-v1,2,False,504.35630056868587,507.23086288351504,505.0692175513194,441.89958665664244,10.860807238146663,3.8230592627078295,85.53085101768374,97.7575026191771
pp,real,dgl,2,False,366.26372005476355,367.47473831798413,365.0851417853606,330.8933338508387,10.901836600154638,5.54419388435781,118.32582336477935,130.5526451598853
pcp,real,torch-v1,2,False,274.31944302827446,276.312662119563,275.18397772738683,254.9538405039633,10.77253064326942,6.457102196291089,156.5134727526456,168.93254055269063
pcp,real,dgl,2,False,204.1697476309515,205.21526294863378,204.24358363869445,193.05756005889754,10.620321424677968,9.12265513651073,210.87565754912794,223.09408648312092
fc,real,torch-v1,2,False,298.2655646648303,299.60135030874204,298.30855597759484,277.5675488550749,10.810632389038801,6.934326766058803,165.95903472416103,178.360187292099
fc,real,dgl,2,False,212.74562224026482,213.1268879577973,212.21596587991422,201.62614311270488,10.645446509122849,10.343038795515895,233.28593489527702,245.53859551995993
pcp,binary,torch-v1,2,False,199.74942422080687,201.65247339025228,200.3026779483271,189.2188925472175,10.826669700443745,8.923907805234194,216.07798978686333,228.73508779890835
pcp,binary,dgl,2,False,155.65651512160818,156.68521645880588,156.12781843014014,149.36345657566065,10.776111762970686,12.250324768945575,277.2151717431843,289.7696732003242
pp,real,dgl,3,False,367.5593980556893,368.7194935216365,366.84849023799404,332.04627077652043,10.96954539231956,5.542189314961433,117.75706088356674,130.09933795966208
pp,real,torch-v1,3,False,506.09827205962625,508.9813387602134,505.4388159677649,441.8995654218175,10.743849048390985,3.810137875378132,85.46830721199512,97.75750731676817
pcp,real,dgl,3,False,203.2783205597728,204.3947795213036,203.33239246107044,192.11679593697255,10.862553395330906,9.084786482155323,211.82065227627754,224.18654126487672
pcp,real,torch-v1,3,False,275.55026114467705,277.44586349537843,275.93431155145635,255.6146148128299,10.826545175164938,6.4878597389906645,156.0878738053143,168.49584297649562
fc,real,dgl,3,False,213.29743007436247,213.55608118236697,212.70757248515125,201.88736410843646,10.729149255901575,10.45037898235023,232.7467678822577,245.2208944261074
fc,real,torch-v1,3,False,298.5686500462177,299.7993690150968,298.6864241377684,277.9320068611196,10.76615290157497,6.9858866184949875,165.74907996878028,178.12629987858236
pcp,binary,dgl,3,False,155.78240713005903,156.86818068676297,156.40521848455106,149.6994331442457,10.664578402414918,12.14147163182497,276.7235033418983,289.11933125555515
pcp,binary,torch-v1,3,False,199.6441920702843,201.55350041595256,200.74261663459706,189.68485673404012,10.814301412552595,8.920874575152993,215.6044427715242,228.17319603264332
pp,real,dgl,1,True,384.844649943661,386.94473362338886,381.08911148392485,219.72423586029996,10.877435421571136,5.556233361363411,16.78347611427307,29.109214898198843
pp,real,torch-v1,1,True,527.7913361414269,540.0856854057433,530.5166603953692,296.71360767155693,8.254090271890163,3.8412971701472998,12.056171799078584,21.556139774620533
pcp,real,dgl,1,True,210.35441474753875,215.63929220388076,212.44897109625035,161.52381691255232,7.939063103869557,9.158105999231339,29.87540945596993,39.29451471194625
pcp,real,torch-v1,1,True,286.13319703714984,296.45259363207236,291.6809196489485,203.14621343824547,8.0031410548836,6.504185741767287,21.760079499334097,31.243506303057075
fc,real,dgl,1,True,227.75000717704916,225.11324293174363,222.43243536251262,169.99179466318768,7.877666061744094,10.398053850978613,30.38225962407887,39.75486001186073
fc,real,torch-v1,1,True,324.24206908173505,325.6887534400021,319.59204459265317,221.03870364358576,7.906480910256505,6.966959873214364,21.145707830786705,30.573831137269735
pcp,binary,dgl,1,True,162.92290188750903,168.32596873415545,166.77796179884223,133.9376336079919,7.996283743530512,12.157804286107421,39.26777812466025,48.895891495049
pcp,binary,torch-v1,1,True,213.4215844169203,222.68325220249974,218.07153923838064,165.1288113605157,7.954619292169809,8.989808203652501,30.031429240480065,39.659947564825416
