task,model,window,metric,mean,seed_min,seed_max
pp,HetNet Real,common_epoch,success_rate,0.9971333333333333,0.9934000000000001,0.9992
pp,HetNet Real,common_epoch,team_return,-2.1147333333333336,-2.255,-1.9942000000000002
pp,HetNet Real,common_epoch,steps_taken,18.252866666666666,17.294,19.1894
pp,HetNet Real,latest,success_rate,0.9975333333333333,0.9945999999999999,0.9992
pp,HetNet Real,latest,team_return,-2.0086,-2.0644,-1.9672
pp,HetNet Real,latest,steps_taken,17.210866666666664,16.368199999999998,17.970399999999998
pp,SoftRole shared,common_epoch,success_rate,0.9999951111985541,0.9999853335956622,1.0
pp,SoftRole shared,common_epoch,team_return,-0.3738942204388918,-0.37496486055520334,-0.3719013449787441
pp,SoftRole shared,common_epoch,steps_taken,4.875148695937351,4.857866831732498,4.884916873608452
pp,SoftRole shared,common_sample,success_rate,0.9999905549442506,0.9999716648327517,1.0
pp,SoftRole shared,common_sample,team_return,-0.35601677309732155,-0.35653681761874595,-0.3554502481348647
pp,SoftRole shared,common_sample,steps_taken,4.740908846967461,4.7330040578180155,4.747893636939604
pp,SoftRole shared,prior_common_sample,success_rate,1.0,1.0,1.0
pp,SoftRole shared,prior_common_sample,team_return,-0.3823368747760963,-0.38375542423838516,-0.38002229408594246
pp,SoftRole shared,prior_common_sample,steps_taken,4.9424330718508775,4.921196530942232,4.957909391152382
pp,SoftRole shared,latest,success_rate,0.999993720791871,0.9999811623756129,1.0
pp,SoftRole shared,latest,team_return,-0.3556816582179682,-0.35647443052822764,-0.35519989074177855
pp,SoftRole shared,latest,steps_taken,4.7383975106778635,4.729901432130394,4.749404041168457
pp,SoftRole banked,common_epoch,success_rate,1.0,1.0,1.0
pp,SoftRole banked,common_epoch,team_return,-0.3763965182347981,-0.3772069106167158,-0.37567852680691344
pp,SoftRole banked,common_epoch,steps_taken,4.896849659629302,4.886156158276409,4.906119925813342
pp,SoftRole banked,common_sample,success_rate,0.9999510517753677,0.9999147404319818,1.0
pp,SoftRole banked,common_sample,team_return,-0.3569665208787955,-0.35754772845705624,-0.3563214722998303
pp,SoftRole banked,common_sample,steps_taken,4.753382535034015,4.746597457607088,4.756904637832204
pp,SoftRole banked,prior_common_sample,success_rate,1.0,1.0,1.0
pp,SoftRole banked,prior_common_sample,team_return,-0.39204751246673636,-0.39855492058368097,-0.3858280467693771
pp,SoftRole banked,prior_common_sample,steps_taken,5.01985041555283,4.974183739668296,5.067346249098401
pp,SoftRole banked,latest,success_rate,0.9999795443909072,0.9999528175028192,1.0
pp,SoftRole banked,latest,team_return,-0.35634304510687603,-0.3567257365213404,-0.35589309389788765
pp,SoftRole banked,latest,steps_taken,4.744257303255802,4.737637006176189,4.747859348182751
pcp,HetNet Real,common_epoch,success_rate,0.9958666666666667,0.993,0.9978
pcp,HetNet Real,common_epoch,team_return,-2.1122666666666667,-2.1468000000000003,-2.0924
pcp,HetNet Real,common_epoch,steps_taken,17.943066666666667,17.6798,18.1468
pcp,HetNet Real,latest,success_rate,0.9988,0.9965999999999999,1.0
pcp,HetNet Real,latest,team_return,-2.002666666666667,-2.0288,-1.9679999999999997
pcp,HetNet Real,latest,steps_taken,16.98966666666667,16.5792,17.4324
pcp,SoftRole shared,common_epoch,success_rate,0.9999446343674823,0.999868318063796,1.0
pcp,SoftRole shared,common_epoch,team_return,-0.5475367668911858,-0.5597128136914337,-0.5389677096678487
pcp,SoftRole shared,common_epoch,steps_taken,6.917525812949729,6.774117855595706,7.123223022359011
pcp,SoftRole shared,common_sample,success_rate,0.999952481855685,0.9998712547653618,1.0
pcp,SoftRole shared,common_sample,team_return,-0.5521222753388106,-0.5640965303159264,-0.5433084021832337
pcp,SoftRole shared,common_sample,steps_taken,7.001024660198176,6.8503246267133076,7.202358898799093
pcp,SoftRole shared,prior_common_sample,success_rate,0.9106670052003466,0.894882289152412,0.929123588356927
pcp,SoftRole shared,prior_common_sample,team_return,-2.537608824140834,-2.713598838632944,-2.3402179099729596
pcp,SoftRole shared,prior_common_sample,steps_taken,35.12841693051613,33.21259742325434,36.76202469654039
pcp,SoftRole shared,latest,success_rate,0.9999575644843025,0.9998726934529072,1.0
pcp,SoftRole shared,latest,team_return,-0.4889316092260753,-0.5595653188675376,-0.45213804523119905
pcp,SoftRole shared,latest,steps_taken,5.991499173821503,5.419863756249899,7.121648478333133
pcp,SoftRole banked,common_epoch,success_rate,0.9998793010334249,0.9998125121471184,0.9999914965986395
pcp,SoftRole banked,common_epoch,team_return,-0.6377429051519362,-0.6461562053557706,-0.6228521169289344
pcp,SoftRole banked,common_epoch,steps_taken,8.614606578493012,8.33645022396496,8.773966031574927
pcp,SoftRole banked,common_sample,success_rate,0.9998942937691289,0.9998067072581425,0.9999916392853261
pcp,SoftRole banked,common_sample,team_return,-0.6452404840081453,-0.6556560201797705,-0.6286170541857918
pcp,SoftRole banked,common_sample,steps_taken,8.752310192257443,8.430535002131982,8.961647777738303
pcp,SoftRole banked,prior_common_sample,success_rate,0.8188847237499818,0.8064489077110152,0.8307479771067693
pcp,SoftRole banked,prior_common_sample,team_return,-3.3147901359391434,-3.510725816596082,-3.2116104203670797
pcp,SoftRole banked,prior_common_sample,steps_taken,42.81574766605544,41.62206433787251,44.34923896180133
pcp,SoftRole banked,latest,success_rate,0.9998276617847672,0.999727843842845,0.9999549559694602
pcp,SoftRole banked,latest,team_return,-0.576308447222046,-0.5860795905561814,-0.5633344037679298
pcp,SoftRole banked,latest,steps_taken,7.454339672306265,7.186219938628416,7.6168116906189285
fc,HetNet Real,common_epoch,success_rate,0.4073333333333333,0.3962,0.41759999999999997
fc,HetNet Real,common_epoch,team_return,-223.75880000000004,-228.61880000000002,-217.40200000000002
fc,HetNet Real,common_epoch,steps_taken,218.9592,217.747,220.15439999999998
fc,HetNet Real,latest,success_rate,0.41979999999999995,0.39520000000000005,0.44659999999999994
fc,HetNet Real,latest,team_return,-219.86160000000004,-228.81920000000002,-213.36360000000002
fc,HetNet Real,latest,steps_taken,217.21093333333332,213.0866,220.79919999999998
fc,SoftRole shared,common_epoch,success_rate,0.6436692071264515,0.39698222209836587,0.8062725020991707
fc,SoftRole shared,common_epoch,team_return,-143.4260064794301,-208.96400432227227,-102.08145300983514
fc,SoftRole shared,common_epoch,steps_taken,184.4418691487,148.33589806894716,234.67804714712295
fc,SoftRole shared,common_sample,success_rate,0.6391195402706037,0.3945480631276901,0.9066624095359728
fc,SoftRole shared,common_sample,team_return,-143.27331720410155,-204.85374820659987,-79.53115155385277
fc,SoftRole shared,common_sample,steps_taken,178.34583316811757,126.36685823754789,224.37123385939742
fc,SoftRole shared,prior_common_sample,success_rate,0.4714708030063923,0.45167514471145415,0.5087898958866701
fc,SoftRole shared,prior_common_sample,team_return,-208.4093907135773,-213.59814067707435,-198.42696705922526
fc,SoftRole shared,prior_common_sample,steps_taken,217.15131396083768,213.87847755589692,219.97175934046658
fc,SoftRole shared,latest,success_rate,0.6149506336291433,0.4312431243124312,0.9514546091833158
fc,SoftRole shared,latest,team_return,-144.10432481046539,-193.12396406307317,-60.54006309148271
fc,SoftRole shared,latest,steps_taken,181.75627262981527,101.77085524009814,228.87642097543088
fc,SoftRole banked,common_epoch,success_rate,0.4858404182763138,0.33824030883020845,0.638123016480406
fc,SoftRole banked,common_epoch,team_return,-191.33845438376537,-243.81123712135934,-139.99736734895498
fc,SoftRole banked,common_epoch,steps_taken,211.7497767670931,186.9818583467854,238.6989913901065
fc,SoftRole banked,common_sample,success_rate,0.3296705488349066,0.04519368723098996,0.7019139405456767
fc,SoftRole banked,common_sample,team_return,-251.13086474435897,-347.90994739359184,-123.880656983847
fc,SoftRole banked,common_sample,steps_taken,233.30922781736288,167.97583819736664,288.70779531324723
fc,SoftRole banked,prior_common_sample,success_rate,0.4730652589033047,0.4674322934521769,0.47814300237207724
fc,SoftRole banked,prior_common_sample,team_return,-206.41149464305389,-208.7381213575593,-204.68039647577106
fc,SoftRole banked,prior_common_sample,steps_taken,214.9651486059048,212.562182311081,216.68413769244074
fc,SoftRole banked,latest,success_rate,0.3511561940831558,0.1552930883639545,0.6991582948683138
fc,SoftRole banked,latest,team_return,-241.88430965028184,-304.867257217848,-122.95422210154777
fc,SoftRole banked,latest,steps_taken,230.25738063119275,168.17797990768395,269.0028433945757
