suite,task,model,seed,primary,path,epochs,steps,episodes,epoch_seconds,configured_epochs,first50_epoch_start,first50_epoch_end,first50_steps_start,first50_steps_end,first50_episodes,first50_success_rate,first50_team_return,first50_steps_taken,latest50_epoch_start,latest50_epoch_end,latest50_steps_start,latest50_steps_end,latest50_episodes,latest50_success_rate,latest50_team_return,latest50_steps_taken,common_epoch_start,common_epoch_end,common_steps_start,common_steps_end,common_episodes,common_success_rate,common_team_return,common_steps_taken,parameters,event_exposed,updates_last,value_first50,value_latest50
reproduction,fc,HetNet Real,0,False,stokes_runs/runs/reproduction/fc_real/seed0,8,198650,793,3232.1006002426147,1400,1,8,0,198650,793,0.38083228247162676,-213.55926860025238,250.5044136191677,1,8,0,198650,793,0.38083228247162676,-213.55926860025238,250.5044136191677,,,,,,,,,,,,,
reproduction,fc,HetNet Real,1,False,stokes_runs/runs/reproduction/fc_real/seed1,8,195072,756,3091.338005065918,1400,1,8,0,195072,756,0.33201058201058203,-225.06335978836006,258.031746031746,1,8,0,195072,756,0.33201058201058203,-225.06335978836006,258.031746031746,,,,,,,,,,,,,
reproduction,fc,HetNet Real,2,False,stokes_runs/runs/reproduction/fc_real/seed2,8,199583,810,3153.1162219047546,1400,1,8,0,199583,810,0.37777777777777777,-220.90197530864228,246.39876543209877,1,8,0,199583,810,0.37777777777777777,-220.90197530864228,246.39876543209877,,,,,,,,,,,,,
reproduction,pcp,HetNet Real,0,False,stokes_runs/runs/reproduction/pcp_real/seed0,9,193621,2751,3110.8602690696716,2000,1,9,0,193621,2751,0.3231552162849873,-6.932170119956372,70.38204289349328,1,9,0,193621,2751,0.3231552162849873,-6.932170119956372,70.38204289349328,,,,,,,,,,,,,
reproduction,pcp,HetNet Real,1,False,stokes_runs/runs/reproduction/pcp_real/seed1,9,192567,2722,3094.9147067070007,2000,1,9,0,192567,2722,0.32292432035268187,-7.011517266715643,70.74467303453343,1,9,0,192567,2722,0.32292432035268187,-7.011517266715643,70.74467303453343,,,,,,,,,,,,,
reproduction,pcp,HetNet Real,2,False,stokes_runs/runs/reproduction/pcp_real/seed2,9,193791,2722,3046.005385160446,2000,1,9,0,193791,2722,0.3008817046289493,-7.090374724467296,71.19434239529758,1,9,0,193791,2722,0.3008817046289493,-7.090374724467296,71.19434239529758,,,,,,,,,,,,,
reproduction,pp,HetNet Real,0,False,stokes_runs/runs/reproduction/pp_real/seed0,13,279623,4084,10209.450160503387,2000,1,13,0,279623,4084,0.3665523996082272,-6.649081782566105,68.4679236043095,1,13,0,279623,4084,0.3665523996082272,-6.649081782566105,68.4679236043095,,,,,,,,,,,,,
reproduction,pp,HetNet Real,1,False,stokes_runs/runs/reproduction/pp_real/seed1,13,279582,4071,10207.968192100525,2000,1,13,0,279582,4071,0.36796855809383444,-6.65314419061655,68.6764922623434,1,13,0,279582,4071,0.36796855809383444,-6.65314419061655,68.6764922623434,,,,,,,,,,,,,
reproduction,pp,HetNet Real,2,False,stokes_runs/runs/reproduction/pp_real/seed2,17,364525,5358,10821.199634075165,2000,1,17,0,364525,5358,0.37831280328480776,-6.560535647629705,68.0337812616648,1,17,0,364525,5358,0.37831280328480776,-6.560535647629705,68.0337812616648,,,,,,,,,,,,,
reproduction-fast,fc,HetNet Real,0,True,stokes_runs/runs/reproduction-fast/fc_real/seed0,635,15762069,63747,100328.32974123955,1400,1,50,0,1253785,5363,0.38597799738952077,-229.4879358567967,233.78426253962334,586,635,14506147,15762069,5660,0.4049469964664311,-221.57268551236763,221.89434628975266,173,222,4259089,5490589,4710,0.17176220806794054,-300.4489171974523,261.4649681528662,,,,,
reproduction-fast,fc,HetNet Real,1,True,stokes_runs/runs/reproduction-fast/fc_real/seed1,615,15475236,68837,100393.73872566223,1400,1,50,0,1244613,5252,0.41146230007616147,-218.91850723533915,236.97886519421172,566,615,14216912,15475236,5701,0.40010524469391334,-225.68112611822505,220.7198737063673,169,218,4216445,5477411,5540,0.3680505415162455,-234.4384296028882,227.61119133574007,,,,,
reproduction-fast,fc,HetNet Real,2,True,stokes_runs/runs/reproduction-fast/fc_real/seed2,692,17412359,78334,100417.5567290783,1400,1,50,0,1250203,5401,0.39937048694686167,-226.1375856322905,231.47620810960933,643,692,16149526,17412359,5740,0.4010452961672474,-228.27510452961687,220.00574912891986,170,219,4237845,5497982,5711,0.4116617054806514,-226.30824724216438,220.65084923831202,,,,,
reproduction-fast,pcp,HetNet Real,0,True,stokes_runs/runs/reproduction-fast/pcp_real/seed0,803,16712878,605135,100432.6960887909,2000,1,50,0,1072850,15581,0.37115717861497977,-6.7753385533662716,68.85629933893846,754,803,15688374,16712878,54979,0.995089033994798,-2.192527146728751,18.63446043034613,186,235,3942971,4995560,25293,0.8577867394140671,-4.700490254220533,41.61582255960147,,,,,
reproduction-fast,pcp,HetNet Real,1,True,stokes_runs/runs/reproduction-fast/pcp_real/seed1,641,13360997,450973,100408.57060194016,2000,1,50,0,1072526,15662,0.3865406716894394,-6.812383475928992,68.47950453326523,592,641,12334227,13360997,49907,0.9924860240046487,-2.373319374035707,20.573667020658423,186,235,3934604,4984665,27868,0.9025405482991244,-4.363809745945168,37.67981197071911,,,,,
reproduction-fast,pcp,HetNet Real,2,True,stokes_runs/runs/reproduction-fast/pcp_real/seed2,797,16626301,563386,100456.45233297348,2000,1,50,0,1072835,15425,0.3478119935170178,-6.8860194489465085,69.5517017828201,748,797,15600457,16626301,52916,0.9917416282409857,-2.2859881699297,19.386272582961674,185,234,3926431,4981211,24104,0.821896780617325,-4.993747925655489,43.75954198473283,,,,,
reproduction-fast,pp,HetNet Real,0,True,stokes_runs/runs/reproduction-fast/pp_real/seed0,261,5501250,140163,100086.56626367569,2000,1,50,0,1073273,16097,0.41982978194694665,-6.471556811828285,66.67534323165808,212,261,4467914,5501250,41267,0.9881745704800445,-2.788823999806141,25.04025007875542,187,236,3947598,4985359,37243,0.978009290336439,-3.0913688478371775,27.8645920038665,,,,,
reproduction-fast,pp,HetNet Real,1,True,stokes_runs/runs/reproduction-fast/pp_real/seed1,258,5420391,149566,100245.30384397507,2000,1,50,0,1071555,16277,0.44590526509799105,-6.412314922897333,65.83246298457946,209,258,4389854,5420391,43731,0.9945119023118612,-2.628410052365599,23.565365530173104,188,237,3955078,4988181,40536,0.9891701203868166,-2.8357682060390768,25.486061772251826,,,,,
reproduction-fast,pp,HetNet Real,2,True,stokes_runs/runs/reproduction-fast/pp_real/seed2,358,7486490,241317,100462.51628637314,2000,1,50,0,1072462,16228,0.4373305398077397,-6.370886738969675,66.08713334976584,309,358,6459686,7486490,51276,0.9949098993681255,-2.338573601684999,20.02504095483267,188,237,3961697,4997652,38850,0.9864350064350065,-2.984023166023166,26.665508365508366,,,,,
softrole_primary,fc,SoftRole banked,0,True,stokes_runs/runs/softrole_primary/fc_banked/seed0,319,7997962,35529,18344.98095079884,1400,1,50,0,1239703,4884,0.35094185094185093,-225.2643734643737,253.82944307944308,270,319,6740392,7997962,5830,0.46500857632933107,-205.26224699828484,215.70668953687823,170,219,4224863,5477514,5781,0.47362048088565994,-205.8159660958313,216.68413769244074,166827,0,3189,392.991004562782,1093.0206255474666
softrole_primary,fc,SoftRole banked,1,True,stokes_runs/runs/softrole_primary/fc_banked/seed1,327,8210214,37100,18323.924997100607,1400,1,50,0,1240237,5004,0.36151079136690645,-226.03966826538792,247.84912070343725,278,327,6955184,8210214,5851,0.47872158605366605,-204.55142710647766,214.4983763459238,170,219,4236110,5494207,5834,0.4674322934521769,-208.73812135755932,215.64912581419267,166827,0,3273,416.30386736832867,1108.2787540478218
softrole_primary,fc,SoftRole banked,2,True,stokes_runs/runs/softrole_primary/fc_banked/seed2,234,5843076,25909,18213.758160781115,1400,1,50,0,1235386,4693,0.2961858086511826,-215.25137438738574,263.2401448966546,185,234,4590144,5843076,5911,0.48688885129419723,-202.2903907968196,211.9661647775334,171,220,4237690,5492232,5902,0.47814300237207724,-204.68039647577106,212.562182311081,166827,0,2349,326.67693071460957,1147.9097581305818
softrole_primary,fc,SoftRole shared,0,True,stokes_runs/runs/softrole_primary/fc_shared/seed0,328,8213729,36040,18375.73019693233,1400,1,50,0,1236411,4809,0.33458099396964025,-230.0874194219175,257.10355583281347,279,328,6956242,8213729,5649,0.39334395468224465,-228.49955744379545,222.60346964064436,171,220,4245328,5499387,5701,0.45167514471145415,-213.59814067707435,219.97175934046658,113743,0,3284,399.583023300712,1334.824470608781
softrole_primary,fc,SoftRole shared,1,True,stokes_runs/runs/softrole_primary/fc_shared/seed1,317,7948988,36351,18399.21762774326,1400,1,50,0,1253857,5322,0.3893273205561819,-235.1202179631719,235.5988350244269,268,317,6697564,7948988,5902,0.5045747204337513,-196.3664689935616,212.03388681802778,170,219,4241517,5494631,5859,0.5087898958866701,-198.4269670592252,213.87847755589692,113743,0,3170,483.6817128544393,1055.086226058501
softrole_primary,fc,SoftRole shared,2,True,stokes_runs/runs/softrole_primary/fc_shared/seed2,361,9080284,40922,18396.196847110987,1400,1,50,0,1254427,5309,0.4294594085515163,-218.9048973441328,236.28310416274252,312,361,7824925,9080284,5840,0.4563356164383562,-207.32183219178097,214.95873287671233,170,219,4241398,5498277,5776,0.45394736842105265,-213.20306440443227,217.60370498614958,113743,0,3610,414.82994535240414,1110.88063595045
softrole_primary,pcp,SoftRole banked,0,True,stokes_runs/runs/softrole_primary/pcp_banked/seed0,252,5377575,95236,18370.53850367386,2000,1,50,0,1075529,15074,0.2966034231126443,-7.257794878598904,71.3499402945469,203,252,4321797,5377575,25309,0.8300999644395275,-3.124647358647121,41.71551621952665,185,234,3940195,4997880,23849,0.8064489077110152,-3.510725816596082,44.34923896180133,224171,0,2521,2.605309216741673,0.5513793123493685
softrole_primary,pcp,SoftRole banked,1,True,stokes_runs/runs/softrole_primary/pcp_banked/seed1,241,5141025,91050,18347.592838480137,2000,1,50,0,1074703,15332,0.3394208192016697,-6.960099791286192,70.09542134098618,192,241,4085304,5141025,25462,0.8292357238237373,-3.081101248919958,41.46261094965046,185,234,3937326,4993915,24875,0.8194572864321608,-3.2220341708542697,42.47593969849246,224171,0,2416,2.3895722522952645,0.5426468963441422
softrole_primary,pcp,SoftRole banked,2,True,stokes_runs/runs/softrole_primary/pcp_banked/seed2,300,6369381,132176,18339.23736956902,2000,1,50,0,1075407,15280,0.331086387434555,-7.011799738219888,70.3800392670157,251,300,5327768,6369381,34303,0.9458064892283474,-2.130026528291986,30.365070110485963,185,234,3937570,4992065,25335,0.8307479771067693,-3.21161042036708,41.62206433787251,224171,0,3007,2.439215650267181,0.28544722598710703
softrole_primary,pcp,SoftRole shared,0,True,stokes_runs/runs/softrole_primary/pcp_shared/seed0,309,6537680,152697,18335.074501650408,2000,1,50,0,1076611,15213,0.3193978833892066,-7.117780845329645,70.76914481035956,260,309,5501295,6537680,38923,0.9750276186316573,-1.782823780284151,26.626544716491534,185,234,3928569,4979485,28587,0.894882289152412,-2.713598838632944,36.76202469654039,171087,0,3092,2.254245054604257,0.20688839903008135
softrole_primary,pcp,SoftRole shared,1,True,stokes_runs/runs/softrole_primary/pcp_shared/seed1,419,8742582,336520,18342.99795622006,2000,1,50,0,1076016,15446,0.3439725495273857,-7.017512624627729,69.66308429366826,370,419,7730357,8742582,85185,1.0,-0.8315014380466046,11.882667136232905,186,235,3941471,4985509,31435,0.929123588356927,-2.340217909972959,33.21259742325434,171087,0,4196,2.449347883305787,0.03337763502262562
softrole_primary,pcp,SoftRole shared,2,True,stokes_runs/runs/softrole_primary/pcp_shared/seed2,414,8665328,293428,18344.17304928042,2000,1,50,0,1075263,15290,0.32446043165467625,-7.029234793982988,70.32459123610202,365,414,7650436,8665328,73151,1.0,-0.9542186709682712,13.873932003663654,186,235,3945623,4994415,29618,0.907995138091701,-2.5590097238165974,35.41062867175366,171087,0,4141,2.212364933144197,0.046761490488581164
softrole_primary,pp,SoftRole banked,0,True,stokes_runs/runs/softrole_primary/pp_banked/seed0,379,7775300,980479,18443.202318022028,2000,1,50,0,1073330,15414,0.3411184637342676,-6.834913066043849,69.63345011028935,330,379,6771095,7775300,204533,1.0,-0.3773454650349822,4.909745615621929,191,240,3978653,4983300,198259,1.0,-0.39855492058368097,5.067346249098401,224171,0,3790,2.3762845366416867,0.007326632909440663
softrole_primary,pp,SoftRole banked,1,True,stokes_runs/runs/softrole_primary/pp_banked/seed1,391,8005643,1057311,18500.037806468084,2000,1,50,0,1073064,15884,0.3920926718710652,-6.5533681692268875,67.55628305212792,342,391,7001383,8005643,205505,1.0,-0.3757555777231698,4.886791075642928,192,241,3987996,4992644,200208,1.0,-0.391759570047151,5.018021257891792,224171,0,3917,2.4201582894322073,0.006811412663729901
softrole_primary,pp,SoftRole banked,2,True,stokes_runs/runs/softrole_primary/pp_banked/seed2,361,7398888,947058,18374.70834004879,2000,1,50,0,1073565,15704,0.3760188487009679,-6.607275216505341,68.36251910341315,312,361,6394504,7398888,204963,1.0,-0.3764625810512141,4.900318594087714,192,241,3983949,4988371,201927,1.0,-0.385828046769377,4.974183739668296,224171,0,3616,2.2922924282064834,0.00604445009907868
softrole_primary,pp,SoftRole shared,0,True,stokes_runs/runs/softrole_primary/pp_shared/seed0,453,9227583,1378727,18658.233821958303,2000,1,50,0,1072566,15609,0.3692100711128195,-6.68868601447882,68.71458773784356,404,453,8223270,9227583,207356,0.9999951773761068,-0.3697332124462278,4.843423870059222,193,242,3984870,4989185,202966,1.0,-0.3832329060039613,4.948193293458018,171087,0,4533,2.079200195167046,0.004404165736899728
softrole_primary,pp,SoftRole shared,1,True,stokes_runs/runs/softrole_primary/pp_shared/seed1,457,9297629,1424284,18702.827772872522,2000,1,50,0,1071242,16056,0.40726208271051323,-6.487310039860481,66.7191081215745,408,457,8293306,9297629,206636,1.0,-0.37253261774327806,4.860348632377708,194,243,3994870,4999237,204090,1.0,-0.38002229408594246,4.921196530942232,171087,0,4573,2.23935267799978,0.0048077967593645075
softrole_primary,pp,SoftRole shared,2,True,stokes_runs/runs/softrole_primary/pp_shared/seed2,453,9231010,1358687,18604.775809885934,2000,1,50,0,1071612,15836,0.39587016923465523,-6.532224046476377,67.66936094973478,404,453,8226846,9231010,206881,1.0,-0.371210986025783,4.8538241791174634,193,242,3988648,4992937,202563,1.0,-0.38375542423838505,4.957909391152382,171087,0,4537,2.0814961769120375,0.004100379350498592
speed-check,pcp,HetNet Real,0,False,stokes_runs/runs/speed-check/pcp_real/seed0,3,64716,912,434.2104663848877,3,1,3,0,64716,912,0.32456140350877194,-6.962171052631571,70.96052631578948,1,3,0,64716,912,0.32456140350877194,-6.962171052631571,70.96052631578948,,,,,,,,,,,,,
