task,model,seed,source,config_source,completed_epochs,epoch_cap,completed_updates,episode_horizon,updates_per_epoch,collectors,batch_floor_per_collector,global_training_step_cap,steps_per_epoch_lower_bound,steps_per_epoch_upper_bound,full_epoch_budget_steps_lower_bound,full_epoch_budget_steps_upper_bound,recorded_total_steps,recorded_total_episodes,archived_epochs,archived_total_steps,latest_window_first_epoch,latest_window_last_epoch,latest_window_weighting,latest_success_rate,latest_steps_taken,latest_team_return
pp,HetNet Real,0,logs_1/reproduce-896848_0.out,stokes_runs/runs/reproduction-fast/pp_real/seed0/resolved_args.json,401,2000,4010,80,10,4,500,,20000,23160,40000000,46320000,,,261,5501250,352,401,equal epochs of rounded stdout,0.9992,17.970399999999998,-2.0644
pp,HetNet Real,1,logs_1/reproduce-896848_1.out,stokes_runs/runs/reproduction-fast/pp_real/seed1/resolved_args.json,392,2000,3920,80,10,4,500,,20000,23160,40000000,46320000,,,258,5420391,343,392,equal epochs of rounded stdout,0.9987999999999999,17.294,-1.9942000000000002
pp,HetNet Real,2,logs_1/reproduce-896848_2.out,stokes_runs/runs/reproduction-fast/pp_real/seed2/resolved_args.json,603,2000,6030,80,10,4,500,,20000,23160,40000000,46320000,,,358,7486490,554,603,equal epochs of rounded stdout,0.9945999999999999,16.368199999999998,-1.9672
pp,SoftRole shared,0,logs_sr/softrole-898824_0.out,stokes_runs/runs/softrole_primary/pp_shared/seed0/config.json,2000,2000,20000,80,10,4,500,,20000,23160,40000000,46320000,40298505,7894025,453,9227583,1951,2000,episodes,1.0,4.749404041168457,-0.35647443052822764
pp,SoftRole shared,1,logs_sr/softrole-898824_1.out,stokes_runs/runs/softrole_primary/pp_shared/seed1/config.json,2000,2000,20000,80,10,4,500,,20000,23160,40000000,46320000,40287117,7929131,457,9297629,1951,2000,episodes,0.9999811623756129,4.729901432130394,-0.35519989074177855
pp,SoftRole shared,2,logs_sr/softrole-898824_2.out,stokes_runs/runs/softrole_primary/pp_shared/seed2/config.json,2000,2000,20000,80,10,4,500,,20000,23160,40000000,46320000,40299946,7887220,453,9231010,1951,2000,episodes,1.0,4.735887058734741,-0.3553706533838984
pp,SoftRole banked,0,logs_sr/softrole-898824_3.out,stokes_runs/runs/softrole_primary/pp_banked/seed0/config.json,1986,2000,19860,80,10,4,500,,20000,23160,40000000,46320000,40051970,7695554,379,7775300,1937,1986,episodes,0.9999858156699023,4.747859348182751,-0.3567257365213404
pp,SoftRole banked,1,logs_sr/softrole-898824_4.out,stokes_runs/runs/softrole_primary/pp_banked/seed1/config.json,2000,2000,20000,80,10,4,500,,20000,23160,40000000,46320000,40320695,7811807,391,8005643,1951,2000,episodes,0.9999528175028192,4.737637006176189,-0.35589309389788765
pp,SoftRole banked,2,logs_sr/softrole-898824_5.out,stokes_runs/runs/softrole_primary/pp_banked/seed2/config.json,1837,2000,18370,80,10,4,500,,20000,23160,40000000,46320000,37044046,7137695,361,7398888,1788,1837,episodes,1.0,4.747275555408466,-0.3564103049013999
pcp,HetNet Real,0,logs_1/reproduce-896848_3.out,stokes_runs/runs/reproduction-fast/pcp_real/seed0/resolved_args.json,1320,2000,13200,80,10,4,500,,20000,23160,40000000,46320000,,,803,16712878,1271,1320,equal epochs of rounded stdout,1.0,16.5792,-1.9679999999999997
pcp,HetNet Real,1,logs_1/reproduce-896848_4.out,stokes_runs/runs/reproduction-fast/pcp_real/seed1/resolved_args.json,1113,2000,11130,80,10,4,500,,20000,23160,40000000,46320000,,,641,13360997,1064,1113,equal epochs of rounded stdout,0.9998,17.4324,-2.0288
pcp,HetNet Real,2,logs_1/reproduce-896848_5.out,stokes_runs/runs/reproduction-fast/pcp_real/seed2/resolved_args.json,1296,2000,12960,80,10,4,500,,20000,23160,40000000,46320000,,,797,16626301,1247,1296,equal epochs of rounded stdout,0.9965999999999999,16.9574,-2.0112
pcp,SoftRole shared,0,logs_sr/softrole-898818_6.out,stokes_runs/runs/softrole_primary/pcp_shared/seed0/config.json,998,2000,9980,80,10,4,500,,20000,23160,40000000,46320000,20448904,1711274,309,6537680,949,998,episodes,0.9998726934529072,7.121648478333133,-0.5595653188675376
pcp,SoftRole shared,1,logs_sr/softrole-898818_7.out,stokes_runs/runs/softrole_primary/pcp_shared/seed1/config.json,1998,2000,19980,80,10,4,500,,20000,23160,40000000,46320000,40517118,5267066,419,8742582,1949,1998,episodes,1.0,5.432985286881479,-0.4550914635794892
pcp,SoftRole shared,2,logs_sr/softrole-898818_8.out,stokes_runs/runs/softrole_primary/pcp_shared/seed2/config.json,1980,2000,19800,80,10,4,500,,20000,23160,40000000,46320000,40184051,5117526,414,8665328,1931,1980,episodes,1.0,5.419863756249899,-0.45213804523119905
pcp,SoftRole banked,0,logs_sr/softrole-898818_9.out,stokes_runs/runs/softrole_primary/pcp_banked/seed0/config.json,1352,2000,13520,80,10,4,500,,20000,23160,40000000,46320000,27747038,2102298,252,5377575,1303,1352,episodes,0.999727843842845,7.6168116906189285,-0.5860795905561814
pcp,SoftRole banked,1,logs_sr/softrole-898818_10.out,stokes_runs/runs/softrole_primary/pcp_banked/seed1/config.json,1287,2000,12870,80,10,4,500,,20000,23160,40000000,46320000,26395052,1991701,241,5141025,1238,1287,episodes,0.9999549559694602,7.559987387671449,-0.5795113473420268
pcp,SoftRole banked,2,logs_sr/softrole-898818_11.out,stokes_runs/runs/softrole_primary/pcp_banked/seed2/config.json,1455,2000,14550,80,10,4,500,,20000,23160,40000000,46320000,29729274,2589105,300,6369381,1406,1455,episodes,0.9998001855419967,7.186219938628416,-0.5633344037679298
fc,HetNet Real,0,logs_1/reproduce-896848_6.out,stokes_runs/runs/reproduction-fast/fc_real/seed0/resolved_args.json,1044,1400,10440,300,10,4,500,,20000,31960,28000000,44744000,,,635,15762069,995,1044,equal epochs of rounded stdout,0.39520000000000005,220.79919999999998,-228.81920000000002
fc,HetNet Real,1,logs_1/reproduce-896848_7.out,stokes_runs/runs/reproduction-fast/fc_real/seed1/resolved_args.json,1025,1400,10250,300,10,4,500,,20000,31960,28000000,44744000,,,615,15475236,976,1025,equal epochs of rounded stdout,0.41759999999999997,217.747,-217.40200000000002
fc,HetNet Real,2,logs_1/reproduce-896848_8.out,stokes_runs/runs/reproduction-fast/fc_real/seed2/resolved_args.json,1125,1400,11250,300,10,4,500,,20000,31960,28000000,44744000,,,692,17412359,1076,1125,equal epochs of rounded stdout,0.44659999999999994,213.0866,-213.36360000000002
fc,SoftRole shared,0,logs_sr/softrole-898824_12.out,stokes_runs/runs/softrole_primary/fc_shared/seed0/config.json,1400,1400,14000,300,10,4,500,,20000,31960,28000000,44744000,34638797,190414,328,8213729,1351,1400,episodes,0.9514546091833158,101.77085524009814,-60.54006309148271
fc,SoftRole shared,1,logs_sr/softrole-898824_13.out,stokes_runs/runs/softrole_primary/fc_shared/seed1/config.json,1400,1400,14000,300,10,4,500,,20000,31960,28000000,44744000,34884206,177304,317,7948988,1351,1400,episodes,0.46215416739168264,214.62154167391682,-178.64894727684026
fc,SoftRole shared,2,logs_sr/softrole-898824_14.out,stokes_runs/runs/softrole_primary/fc_shared/seed2/config.json,1400,1400,14000,300,10,4,500,,20000,31960,28000000,44744000,34885101,173467,361,9080284,1351,1400,episodes,0.4312431243124312,228.87642097543088,-193.12396406307317
fc,SoftRole banked,0,logs_sr/softrole-898824_15.out,stokes_runs/runs/softrole_primary/fc_banked/seed0/config.json,1354,1400,13540,300,10,4,500,,20000,31960,28000000,44744000,33696929,174488,319,7997962,1305,1354,episodes,0.6991582948683138,168.17797990768395,-122.95422210154777
fc,SoftRole banked,1,logs_sr/softrole-898824_16.out,stokes_runs/runs/softrole_primary/fc_banked/seed1/config.json,1400,1400,14000,300,10,4,500,,20000,31960,28000000,44744000,34900777,154546,327,8210214,1351,1400,episodes,0.1552930883639545,269.0028433945757,-304.867257217848
fc,SoftRole banked,2,logs_sr/softrole-898824_17.out,stokes_runs/runs/softrole_primary/fc_banked/seed2/config.json,1400,1400,14000,300,10,4,500,,20000,31960,28000000,44744000,34981001,160186,234,5843076,1351,1400,episodes,0.19901719901719903,253.59131859131858,-297.8314496314498
