index,model,training_seed,condition,episodes,successes,failures,success_rate,mean_team_return,mean_agent_return,event_exposed_episodes,scheduled_event_exposed_episodes,stdout
0,shared,0,nominal,2500,2479,21,0.9916,-0.8402599999999999,-0.23031699999999997,0,0,logs_sr/pcp-frozen-902506_0.out
1,shared,0,failure,100,99,1,0.99,-0.6134999999999998,-0.20449999999999996,1,1,logs_sr/pcp-frozen-902506_1.out
2,shared,0,sham,100,99,1,0.99,-0.6134999999999998,-0.20449999999999996,0,1,logs_sr/pcp-frozen-902506_2.out
3,shared,1,nominal,2500,2500,0,1.0,-0.6796,-0.18122166666666667,0,0,logs_sr/pcp-frozen-902506_3.out
4,shared,1,failure,100,100,0,1.0,-0.4675,-0.15583333333333335,0,0,logs_sr/pcp-frozen-902506_4.out
5,shared,1,sham,100,100,0,1.0,-0.4675,-0.15583333333333335,0,0,logs_sr/pcp-frozen-902506_5.out
6,shared,2,nominal,2500,2500,0,1.0,-0.68684,-0.183352,0,0,logs_sr/pcp-frozen-902506_6.out
7,shared,2,failure,100,100,0,1.0,-0.47,-0.15666666666666665,0,0,logs_sr/pcp-frozen-902506_7.out
8,shared,2,sham,100,100,0,1.0,-0.47,-0.15666666666666665,0,0,logs_sr/pcp-frozen-902506_8.out
9,banked,0,nominal,2500,2498,2,0.9992,-0.81722,-0.21921933333333332,0,0,logs_sr/pcp-frozen-902506_9.out
10,banked,0,failure,100,100,0,1.0,-0.5555,-0.18516666666666665,0,0,logs_sr/pcp-frozen-902506_10.out
11,banked,0,sham,100,100,0,1.0,-0.5555,-0.18516666666666665,0,0,logs_sr/pcp-frozen-902506_11.out
12,banked,1,nominal,2500,1878,622,0.7512,-2.696739999999997,-0.7218393333333325,0,0,logs_sr/pcp-frozen-902506_12.out
13,banked,1,failure,100,100,0,1.0,-0.512,-0.17066666666666666,0,0,logs_sr/pcp-frozen-902506_13.out
14,banked,1,sham,100,100,0,1.0,-0.512,-0.17066666666666666,0,0,logs_sr/pcp-frozen-902506_14.out
15,banked,2,nominal,2500,2462,38,0.9848,-0.8837799999999999,-0.2396896666666666,0,0,logs_sr/pcp-frozen-902506_15.out
16,banked,2,failure,100,100,0,1.0,-0.5365,-0.17883333333333332,0,0,logs_sr/pcp-frozen-902506_16.out
17,banked,2,sham,100,100,0,1.0,-0.5365,-0.17883333333333332,0,0,logs_sr/pcp-frozen-902506_17.out
