task,model,seed,window,requested_budget,steps_start,steps_end,steps,episodes,updates_at_endpoint,steps_taken,success_rate,team_return
pp,SoftRole shared,0,at_10m,10000000,8986521,9991049,1004528,207750,4910,4.835273164861612,0.9998074608904933,-0.3674442839951865
pp,SoftRole shared,0,at_20m,20000000,18989288,19994524,1005236,208466,9890,4.8220621108478126,0.999395584891541,-0.36183238513714466
pp,SoftRole shared,0,latest,,39294367,40298505,1004138,211424,20000,4.749404041168457,1.0,-0.35647443052822764
pp,SoftRole shared,0,latest_common_task_budget,37000000,35980785,36984974,1004189,211502,18350,4.747893636939604,1.0,-0.35653681761874595
pp,SoftRole shared,1,at_10m,10000000,8976231,9980554,1004323,207037,4910,4.850934857054536,1.0,-0.3714249143872834
pp,SoftRole shared,1,at_20m,20000000,18978723,19982852,1004129,210663,9890,4.7665180881312805,0.9999905061638731,-0.35860331429819187
pp,SoftRole shared,1,latest,,39282765,40287117,1004352,212341,20000,4.729901432130394,0.9999811623756129,-0.35519989074177855
pp,SoftRole shared,1,latest_common_task_budget,37000000,35989314,36993401,1004087,211751,18360,4.741828846144764,0.9999716648327517,-0.356063253538354
pp,SoftRole shared,2,at_10m,10000000,8990031,9994302,1004271,207718,4910,4.83478080859627,0.9999903715614439,-0.3686736344467018
pp,SoftRole shared,2,at_20m,20000000,18991757,19996105,1004348,210849,9890,4.763351972264512,0.9999715436165217,-0.3583097382486993
pp,SoftRole shared,2,latest,,39295919,40299946,1004027,212004,20000,4.735887058734741,1.0,-0.3553706533838984
pp,SoftRole shared,2,latest_common_task_budget,37000000,35982242,36986505,1004263,212183,18350,4.7330040578180155,1.0,-0.3554502481348647
pp,SoftRole banked,0,at_10m,10000000,8980380,9984678,1004298,205499,4890,4.887118672110327,1.0,-0.3753334566104945
pp,SoftRole banked,0,at_20m,20000000,18983543,19987873,1004330,208440,9870,4.818317021684897,0.9999952024563423,-0.36705670696603343
pp,SoftRole banked,0,latest,,39047793,40051970,1004177,211501,19860,4.747859348182751,0.9999858156699023,-0.3567257365213404
pp,SoftRole banked,0,latest_common_task_budget,37000000,35994960,36999095,1004135,211090,18340,4.756904637832204,0.9999384148941209,-0.35754772845705624
pp,SoftRole banked,1,at_10m,10000000,8990057,9994235,1004178,205943,4900,4.8759996698115495,1.0,-0.37519799167730883
pp,SoftRole banked,1,at_20m,20000000,18992580,19996816,1004236,209610,9880,4.790973713086208,1.0,-0.36193788464290827
pp,SoftRole banked,1,latest,,39316586,40320695,1004109,211943,20000,4.737637006176189,0.9999528175028192,-0.35589309389788765
pp,SoftRole banked,1,latest_common_task_budget,37000000,35982510,36986733,1004223,211120,18340,4.756645509662751,0.9999147404319818,-0.3570303618794998
pp,SoftRole banked,2,at_10m,10000000,8985601,9989898,1004297,206649,4900,4.859917057425877,1.0,-0.3727339595158941
pp,SoftRole banked,2,at_20m,20000000,18988861,19993198,1004337,210028,9880,4.781919553583331,0.9999952387300741,-0.36113684842021065
pp,SoftRole banked,2,latest,,36039945,37044046,1004101,211511,18370,4.747275555408466,1.0,-0.3564103049013999
pp,SoftRole banked,2,latest_common_task_budget,37000000,35979712,36983774,1004062,211533,18340,4.746597457607088,1.0,-0.3563214722998303
pcp,SoftRole shared,0,at_10m,10000000,8977239,9988047,1010808,94245,4790,10.72532229826516,0.9999893893575256,-0.7595018303358269
pcp,SoftRole shared,0,at_20m,20000000,18978850,19985819,1006969,139811,9750,7.202358898799093,0.9998712547653618,-0.5640965303159264
pcp,SoftRole shared,0,latest,,19441967,20448904,1006937,141391,9980,7.121648478333133,0.9998726934529072,-0.5595653188675376
pcp,SoftRole shared,0,latest_common_task_budget,20000000,18978850,19985819,1006969,139811,9750,7.202358898799093,0.9998712547653618,-0.5640965303159264
pcp,SoftRole shared,1,at_10m,10000000,8984992,9994941,1009949,100110,4810,10.088392767955249,1.0,-0.7218404754769753
pcp,SoftRole shared,1,at_20m,20000000,18983406,19989979,1006573,146938,9770,6.8503246267133076,1.0,-0.5433084021832337
pcp,SoftRole shared,1,latest,,39512358,40517118,1004760,184937,19980,5.432985286881479,1.0,-0.4550914635794892
pcp,SoftRole shared,1,latest_common_task_budget,20000000,18983406,19989979,1006573,146938,9770,6.8503246267133076,1.0,-0.5433084021832337
pcp,SoftRole shared,2,at_10m,10000000,8969358,9980618,1011260,89791,4790,11.262375961956097,1.0,-0.7867843102315376
pcp,SoftRole shared,2,at_20m,20000000,18991820,19998452,1006632,144831,9760,6.95039045508213,0.999986190801693,-0.5489618935172719
pcp,SoftRole shared,2,latest,,39179192,40184051,1004859,185403,19800,5.419863756249899,1.0,-0.45213804523119905
pcp,SoftRole shared,2,latest_common_task_budget,20000000,18991820,19998452,1006632,144831,9760,6.95039045508213,0.999986190801693,-0.5489618935172719
pcp,SoftRole banked,0,at_10m,10000000,8965836,9994919,1029083,49098,4740,20.959774328893236,0.9908142897877714,-1.354011365025052
pcp,SoftRole banked,0,at_20m,20000000,18977671,19986630,1008959,113817,9670,8.864747796902044,0.9998067072581425,-0.6514483776588734
pcp,SoftRole banked,0,latest,,26739509,27747038,1007529,132277,13520,7.6168116906189285,0.999727843842845,-0.5860795905561814
pcp,SoftRole banked,0,latest_common_task_budget,20000000,18977671,19986630,1008959,113817,9670,8.864747796902044,0.9998067072581425,-0.6514483776588734
pcp,SoftRole banked,1,at_10m,10000000,8966860,9987241,1020381,60517,4750,16.86106383330304,0.9980005618256027,-1.11461572781202
pcp,SoftRole banked,1,at_20m,20000000,18975613,19984587,1008974,112588,9690,8.961647777738303,0.999884534763918,-0.6556560201797705
pcp,SoftRole banked,1,latest,,25388039,26395052,1007013,133203,12870,7.559987387671449,0.9999549559694602,-0.5795113473420268
pcp,SoftRole banked,1,latest_common_task_budget,20000000,18975613,19984587,1008974,112588,9690,8.961647777738303,0.999884534763918,-0.6556560201797705
pcp,SoftRole banked,2,at_10m,10000000,8974435,9991771,1017336,67995,4770,14.961923670858152,0.999602911978822,-1.0173961320685345
pcp,SoftRole banked,2,at_20m,20000000,18989095,19997446,1008351,119607,9720,8.430535002131982,0.9999916392853261,-0.6286170541857918
pcp,SoftRole banked,2,latest,,28722269,29729274,1007005,140130,14550,7.186219938628416,0.9998001855419967,-0.5633344037679298
pcp,SoftRole banked,2,latest_common_task_budget,20000000,18989095,19997446,1008351,119607,9720,8.430535002131982,0.9999916392853261,-0.6286170541857918
