source,task,model,seed,archived_epochs,archived_steps,identity_basis,epochs,configured_epochs,latest_first_epoch,latest_last_epoch,latest_weighting,latest_success_rate,latest_team_return,latest_steps_taken,total_steps,total_episodes,event_exposed_episodes,latest_episodes,latest_steps_start,latest_steps_end,latest_value_loss_per_episode,latest_gate_entropy,latest_alpha_null
logs_1/reproduce-896848_0.out,pp,HetNet Real,0,261,5501250,Observed stdout Namespace,345,2000,296,345,equal epochs,0.9974,-2.2622,19.9494,,,,,,,,,
logs_1/reproduce-896848_1.out,pp,HetNet Real,1,258,5420391,Observed stdout Namespace,338,2000,289,338,equal epochs,0.997,-2.2048,19.218200000000003,,,,,,,,,
logs_1/reproduce-896848_2.out,pp,HetNet Real,2,358,7486490,Observed stdout Namespace,498,2000,449,498,equal epochs,0.9939999999999999,-2.0742,17.3952,,,,,,,,,
logs_sr/softrole-898824_0.out,pp,SoftRole shared,0,453,9227583,All archived epoch fields match stdout exactly; appended tail lacks a fresh source/checkpoint archive,1425,2000,1376,1425,episodes,0.9999810770024079,-0.35637231943912234,4.750462430753656,28750668,5463021,0,211383,27746501,28750668,0.0025703838162077696,0.0,0.3129736456732902
logs_sr/softrole-898824_1.out,pp,SoftRole shared,1,457,9297629,All archived epoch fields match stdout exactly; appended tail lacks a fresh source/checkpoint archive,1434,2000,1385,1434,episodes,0.9999716094597281,-0.3569362821641162,4.751114328705675,28920432,5530811,0,211338,27916341,28920432,0.0025328252708663613,0.0,0.42211480005121504
logs_sr/softrole-898824_2.out,pp,SoftRole shared,2,453,9231010,All archived epoch fields match stdout exactly; appended tail lacks a fresh source/checkpoint archive,1428,2000,1379,1428,episodes,1.0,-0.35629024947593063,4.740821703083983,28813026,5463985,0,211804,27808901,28813026,0.002375883204886063,0.0,0.4413342037950742
logs_sr/softrole-898824_3.out,pp,SoftRole banked,0,379,7775300,All archived epoch fields match stdout exactly; appended tail lacks a fresh source/checkpoint archive,1337,2000,1288,1337,episodes,0.999871443263627,-0.36134465584885544,4.781729707081095,27017637,4958668,0,210024,26013359,27017637,0.003464883469905003,0.935804053932916,0.0008255173016593671
logs_sr/softrole-898824_4.out,pp,SoftRole banked,1,391,8005643,All archived epoch fields match stdout exactly; appended tail lacks a fresh source/checkpoint archive,1350,2000,1301,1350,episodes,1.0,-0.3579296980493791,4.757454006187785,27266911,5062187,0,211061,26262798,27266911,0.0031542451707739284,0.500068121213929,0.184785081970069
logs_sr/softrole-898824_5.out,pp,SoftRole banked,2,361,7398888,All archived epoch fields match stdout exactly; appended tail lacks a fresh source/checkpoint archive,1168,2000,1119,1168,episodes,0.9999287309355253,-0.3589753884164014,4.771031500926497,23608374,4312477,0,210470,22604215,23608374,0.0028755884130717713,0.5833298302291319,0.13073728847790744
logs_1/reproduce-896848_3.out,pcp,HetNet Real,0,803,16712878,Observed stdout Namespace,1113,2000,1064,1113,equal epochs,0.9996,-2.0464,17.242600000000003,,,,,,,,,
logs_1/reproduce-896848_4.out,pcp,HetNet Real,1,641,13360997,Observed stdout Namespace,909,2000,860,909,equal epochs,0.9974000000000001,-2.1422,18.416800000000002,,,,,,,,,
logs_1/reproduce-896848_5.out,pcp,HetNet Real,2,797,16626301,Observed stdout Namespace,1082,2000,1033,1082,equal epochs,0.9924000000000001,-2.1100000000000003,17.7922,,,,,,,,,
logs_sr/softrole-898818_6.out,pcp,SoftRole shared,0,309,6537680,All archived epoch fields match stdout exactly; appended tail lacks a fresh source/checkpoint archive,742,2000,693,742,episodes,1.0,-0.6080991556787414,8.0720957431469,15292473,1020524,0,124834,14284801,15292473,0.011438525682605496,0.0,0.3269071295356069
logs_sr/softrole-898818_7.out,pcp,SoftRole shared,1,419,8742582,All archived epoch fields match stdout exactly; appended tail lacks a fresh source/checkpoint archive,1353,2000,1304,1353,episodes,1.0,-0.48894126028945917,5.91864997585878,27553116,2946333,0,169834,26547928,27553116,0.006146217228551185,0.0,0.30587069298440217
logs_sr/softrole-898818_8.out,pcp,SoftRole shared,2,414,8665328,All archived epoch fields match stdout exactly; appended tail lacks a fresh source/checkpoint archive,1341,2000,1292,1341,episodes,0.9999407456566566,-0.49302250479960186,5.956945794126709,27339989,2817941,0,168764,26334671,27339989,0.006418320421594669,0.0,0.3935391983888609
logs_sr/softrole-898818_9.out,pcp,SoftRole banked,0,252,5377575,All archived epoch fields match stdout exactly; appended tail lacks a fresh source/checkpoint archive,808,2000,759,808,episodes,0.999940328194928,-0.7176136250621582,10.048314271506714,16777437,791664,0,100550,15767079,16777437,0.024351749617068784,1.0796336420417563,0.04184719872357741
logs_sr/softrole-898818_10.out,pcp,SoftRole banked,1,241,5141025,All archived epoch fields match stdout exactly; appended tail lacks a fresh source/checkpoint archive,765,2000,716,765,episodes,0.9999152685985426,-0.7469507286900526,10.704933485849857,15865053,771935,0,94416,14854336,15865053,0.022281748425423083,0.780432045933132,0.09448560703402022
logs_sr/softrole-898818_11.out,pcp,SoftRole banked,2,300,6369381,All archived epoch fields match stdout exactly; appended tail lacks a fresh source/checkpoint archive,929,2000,880,929,episodes,1.0,-0.6371770832445516,8.593178157147848,19130248,1222824,0,117329,18122019,19130248,0.01602573263346254,0.6992084325842223,0.11277108634593846
logs_1/reproduce-896848_6.out,fc,HetNet Real,0,635,15762069,Observed stdout Namespace,866,1400,817,866,equal epochs,0.38839999999999997,-231.19,222.8556,,,,,,,,,
logs_1/reproduce-896848_7.out,fc,HetNet Real,1,615,15475236,Observed stdout Namespace,846,1400,797,846,equal epochs,0.40340000000000004,-225.035,221.85640000000004,,,,,,,,,
logs_1/reproduce-896848_8.out,fc,HetNet Real,2,692,17412359,Observed stdout Namespace,938,1400,889,938,equal epochs,0.41440000000000005,-224.19679999999997,216.4254,,,,,,,,,
logs_sr/softrole-898824_12.out,fc,SoftRole shared,0,328,8213729,All archived epoch fields match stdout exactly; appended tail lacks a fresh source/checkpoint archive,1060,1400,1011,1060,episodes,0.7908513671115719,-105.22539847090847,158.69340417260594,26475695,130155,0,7717,25251058,26475695,354.49687253776506,0.0,0.2772669951209662
logs_sr/softrole-898824_13.out,fc,SoftRole shared,1,317,7948988,All archived epoch fields match stdout exactly; appended tail lacks a fresh source/checkpoint archive,926,1400,877,926,episodes,0.5782783588093323,-157.33913113435253,199.2481094127112,23147857,113687,0,6215,21909530,23147857,704.8372720886675,0.0,0.44500709270882577
logs_sr/softrole-898824_14.out,fc,SoftRole shared,2,361,9080284,All archived epoch fields match stdout exactly; appended tail lacks a fresh source/checkpoint archive,1057,1400,1008,1057,episodes,0.20671834625322996,-242.50805340223968,263.27045650301466,26363701,127072,0,4644,25141073,26363701,2077.971137130537,0.0,0.37179541622100215
logs_sr/softrole-898824_15.out,fc,SoftRole banked,0,319,7997962,All archived epoch fields match stdout exactly; appended tail lacks a fresh source/checkpoint archive,955,1400,906,955,episodes,0.7020791797208772,-125.90764739390498,175.74309313585874,23851134,117034,0,7022,22617066,23851134,481.4686574344525,0.5905547410287281,0.28558841300182203
logs_sr/softrole-898824_16.out,fc,SoftRole banked,1,327,8210214,All archived epoch fields match stdout exactly; appended tail lacks a fresh source/checkpoint archive,962,1400,913,962,episodes,0.4309158284806776,-210.87444856184948,221.78013058055407,24134145,112802,0,5667,22877317,24134145,1297.2692769751072,1.226267020882121,0.2908149438977998
logs_sr/softrole-898824_17.out,fc,SoftRole banked,2,234,5843076,All archived epoch fields match stdout exactly; appended tail lacks a fresh source/checkpoint archive,903,1400,854,903,episodes,0.5011864406779661,-181.24098305084763,211.85542372881355,22604564,107074,0,5900,21354617,22604564,872.0079579582434,1.0707117302891895,0.20442616830747445
