group,label,mean_agent_return,mean_agent_return_max,mean_agent_return_min,seeds,steps_taken,steps_taken_max,steps_taken_min,success_rate,success_rate_max,success_rate_min,window
banked_rmsprop,CapCom banked / RMSprop,-2.3612891812423564,-2.324570739321695,-2.4193330930064865,3,70.63774126383026,71.32905551550108,70.15247623102029,0.32178471450156076,0.3382290336313325,0.2968276856524874,0-1M
banked_rmsprop,CapCom banked / RMSprop,-2.312446379238561,-2.28094175534958,-2.343614748136022,3,68.83088583773221,69.315207689667,68.37500847055635,0.35790109052830726,0.3634207494748255,0.3508592471358429,1-2M
banked_rmsprop,CapCom banked / RMSprop,-0.25345007894575367,-0.24032677177515968,-0.2655427324991365,3,10.819756492875568,11.414754156418185,10.078725603171788,0.9997449062823665,0.999976832078908,0.9995715916114211,10-20M
banked_rmsprop,CapCom banked / RMSprop,-1.7512134256413057,-1.6922088068181806,-1.788690355329948,3,57.22210610248185,57.892326552056275,56.28639204545455,0.6127245836265678,0.6271022727272727,0.6050471356055113,2-4M
banked_rmsprop,CapCom banked / RMSprop,-0.1976533850204933,-0.19629691197264754,-0.20029915970909598,3,7.768700809534457,7.912786574342316,7.686185398598989,0.9998677939091993,0.9998992465797675,0.9998211136545689,20-30M
banked_rmsprop,CapCom banked / RMSprop,-0.19321981297687907,-0.19033894281364874,-0.19593971824549922,3,7.533863914974518,7.689989562724907,7.3940586499067535,0.999896286874776,0.9999559464896695,0.9998597977972676,26-27M
banked_rmsprop,CapCom banked / RMSprop,-0.1858067043504075,-0.18086877729406395,-0.18943952016652116,3,7.104749396766986,7.300766510306456,6.856629945292647,0.9998725914118894,0.9999659356456218,0.9998224300448364,29-30M
banked_rmsprop,CapCom banked / RMSprop,-0.18123519431919521,-0.17613927696644283,-0.18426316498757134,3,6.845011745338218,7.010976632882225,6.593116625550235,0.9998346264570636,0.9998944604952441,0.9997873379620433,30-33M
banked_rmsprop,CapCom banked / RMSprop,-0.16517058176593502,-0.16235672047119126,-0.16687898153969485,3,6.059483626289063,6.1377961166826385,5.908442176790774,0.9999272731431577,0.9999751129251023,0.9998596097150078,39-40M
banked_rmsprop,CapCom banked / RMSprop,-0.7423333168117465,-0.6664889948317884,-0.8050326349822737,3,31.93196446394742,34.74361819237737,28.061312511359347,0.9167220114362823,0.9486697331077775,0.8941205023966993,4-8M
banked_rmsprop,CapCom banked / RMSprop,-0.41926467099795445,-0.35993463585478636,-0.48856370448051556,3,19.135620525818027,22.84667380995805,15.850474557978606,0.992350290044994,0.9995476621274164,0.9822861572132044,8-10M
banked_rmsprop,CapCom banked / RMSprop,-0.16495315442476446,-0.16213730795491674,-0.16668154453611514,3,6.047525603025183,6.126914827497958,5.900396757854455,0.9999268173807072,0.9999726369747439,0.999881180155258,last100
pcp_binary,HetNet paper-v1 Binary,-2.2965264959021483,-2.1087221807149787,-2.449404588315346,3,70.05572113731336,72.64450277048702,67.22549752088568,0.29311392611896964,0.35006452489302453,0.22346165062700496,0-1M
pcp_binary,HetNet paper-v1 Binary,-1.8856500807142027,-0.33789047650991694,-2.80157873376623,3,56.18367819155307,79.97621753246753,13.50660763399745,0.378080797607762,0.9792312336486214,0.0012175324675324675,1-2M
pcp_binary,HetNet paper-v1 Binary,-0.13687288108150664,-0.1366622291065018,-0.13713021093174524,3,5.127081037342894,5.13024655487512,5.1248262282855785,0.9999998292589394,1.0,0.9999994877768182,10-20M
pcp_binary,HetNet paper-v1 Binary,-1.6138047269829239,-0.15389241206469256,-2.5282939392785972,3,52.49187160036302,76.62029459901801,5.549411843448287,0.4103432930429986,0.9999972112064879,0.09926540554942337,2-4M
pcp_binary,HetNet paper-v1 Binary,-0.13594562280983735,-0.1357733260041939,-0.13609804491148678,3,5.115911360627521,5.119374385265743,5.112914554449398,1.0,1.0,1.0,26-27M
pcp_binary,HetNet paper-v1 Binary,-0.2392566033837381,-0.14330921444246317,-0.3368860755788095,3,9.341391877819275,13.489841345975213,5.215669061163368,0.9711212332975908,1.0,0.9364100346897346,4-8M
pcp_binary,HetNet paper-v1 Binary,-0.14043430821704841,-0.13852638820605268,-0.14290538065434452,3,5.191924135108225,5.2567271262009925,5.144245739101934,1.0,1.0,1.0,8-10M
pcp_binary,HetNet paper-v1 Binary,-0.1360579511359561,-0.136044249877263,-0.13607877458361678,3,5.1187432977912195,5.119336047987198,5.118173989696973,1.0,1.0,1.0,last100
pcp_real,HetNet paper-v1 Real,-2.3190421213694794,-2.2591055431130993,-2.3808006009873335,3,70.04002764612936,70.95828861701366,69.25874860022397,0.30740089774665136,0.333496640537514,0.27459397581741435,0-1M
pcp_real,HetNet paper-v1 Real,-2.121637355257048,-1.967715985671785,-2.2032662914149714,3,65.4931373927503,67.98146622734761,61.075587396029384,0.42714839802941895,0.5362758788173153,0.3689593629873696,1-2M
pcp_real,HetNet paper-v1 Real,-0.1361269375536543,-0.13611534602237807,-0.13614007090202757,3,5.118410481193114,5.11903906706494,5.117809155357898,0.9999991474004675,1.0,0.9999979538584858,10-20M
pcp_real,HetNet paper-v1 Real,-0.2720312366528592,-0.18195324839200044,-0.3469249501964914,3,9.055680764456657,11.279027324805245,6.352107442740818,0.9822784262925017,0.9984470471665756,0.9710811069616011,2-4M
pcp_real,HetNet paper-v1 Real,-0.1452430397771705,-0.1358271713524994,-0.16398510127003557,3,5.5544609542923435,6.43014804100112,5.116064616423085,0.9946190173065919,1.0,0.9838575634036105,20-30M
pcp_real,HetNet paper-v1 Real,-0.1700747578165815,-0.13587943855072168,-0.23839069205789712,3,6.654751165555668,9.727253145346845,5.1184740183639565,0.9841908585042672,1.0,0.9525725755128017,26-27M
pcp_real,HetNet paper-v1 Real,-0.13576506020364704,-0.13567364908671847,-0.13588796664692906,3,5.114400396608878,5.115357781252069,5.113117189366631,1.0,1.0,1.0,29-30M
pcp_real,HetNet paper-v1 Real,-0.13573252110229964,-0.1356693476562411,-0.13577374366145553,3,5.114139994189931,5.114479506586253,5.113804249038192,0.9999971527298487,1.0,0.9999914581895462,30-33M
pcp_real,HetNet paper-v1 Real,-0.13571984518264008,-0.13559350073554488,-0.13584618962973527,2,5.114537637683537,5.116595445585906,5.112479829781169,1.0,1.0,1.0,39-40M
pcp_real,HetNet paper-v1 Real,-0.1388513872088239,-0.1381528394366511,-0.1399779120930434,3,5.14114185623546,5.145692158140976,5.137998439795245,1.0,1.0,1.0,4-8M
pcp_real,HetNet paper-v1 Real,-0.1369405265682327,-0.13647253339373722,-0.1377989561183066,3,5.123184647909069,5.126997873574329,5.119777295004324,1.0,1.0,1.0,8-10M
pcp_real,HetNet paper-v1 Real,-0.1357887946897685,-0.13567239680111692,-0.13588935101584448,3,5.116223002286871,5.117120742482089,5.114532538061165,1.0,1.0,1.0,last100
shared_adam,CapCom shared / Adam,-2.3634553834009577,-2.349769984112302,-2.384107032328713,3,70.3296245650532,70.7291815454935,69.88507452143816,0.3263058124449692,0.3381366108638836,0.3173832309670047,0-1M
shared_adam,CapCom shared / Adam,-2.103947970589087,-1.9907479423868295,-2.215405176347869,3,64.39651939148584,65.67051307125628,62.06932098765432,0.4585254768981999,0.5141975308641975,0.41730230132342394,1-2M
shared_adam,CapCom shared / Adam,-0.20877468819905634,-0.20083121671109386,-0.21283680090053708,3,8.390728222509718,8.61562484662656,7.952078293677657,0.999993227044438,1.0,0.999983658500504,10-20M
shared_adam,CapCom shared / Adam,-1.161106694910565,-1.1163252240717025,-1.2256730315093443,3,43.30897121421239,44.75438004633066,42.362633376013655,0.8131871577476546,0.821468203158344,0.8014978746373389,2-4M
shared_adam,CapCom shared / Adam,-0.17055607766608624,-0.16715266312217048,-0.17569549852864258,3,6.308738757531002,6.5681434098929605,6.1392346983902355,0.9999765400079671,1.0,0.9999395737453178,20-30M
shared_adam,CapCom shared / Adam,-0.16693150199004386,-0.16269747502356083,-0.17251676679062966,3,6.118820217143799,6.394488414227139,5.909779164976753,0.9999873982175751,1.0,0.99996821461492,26-27M
shared_adam,CapCom shared / Adam,-0.16071248538099844,-0.15695764755294056,-0.16570910662409066,3,5.820170711169215,6.035125207077861,5.653337308328364,0.9999639864589086,1.0,0.9998919593767257,29-30M
shared_adam,CapCom shared / Adam,-0.1575815719260511,-0.15474082320561586,-0.16157621876425501,3,5.680777202151585,5.848559386389769,5.556530290379442,0.9999681143406729,1.0,0.9999043430220187,30-33M
shared_adam,CapCom shared / Adam,-0.149867590771534,-0.14829185319405955,-0.1517658460942043,3,5.40094321891993,5.45354858361255,5.355137497335323,0.9999944618281505,1.0,0.9999833854844515,39-40M
shared_adam,CapCom shared / Adam,-0.5616302969734569,-0.5181993149094287,-0.5926828854965971,3,25.550250438809247,27.186003633307124,23.280376219228984,0.9656803037665244,0.9768346493265211,0.9564748786638106,4-8M
shared_adam,CapCom shared / Adam,-0.32386948384599734,-0.2765856846009518,-0.351715150319058,3,14.343710441393169,15.769788829682257,11.886990871723697,0.9996015838989553,1.0,0.9989974343793171,8-10M
shared_adam,CapCom shared / Adam,-0.1498721532109548,-0.14821618353305932,-0.15187572517481124,3,5.401159483843044,5.456397195779551,5.352565451441143,0.9999972848369002,1.0,0.9999918545107005,last100
shared_rmsprop,CapCom shared / RMSprop,-2.357212818415301,-2.3481207289293824,-2.3737950731881443,3,70.33138518977607,70.76986790431988,69.81497673106755,0.32709603127674647,0.3401494852630094,0.31895751517315246,0-1M
shared_rmsprop,CapCom shared / RMSprop,-2.1855201255926935,-2.08581152396338,-2.2430324623911297,3,66.86251023697221,68.4574143196471,65.07579967689823,0.41437305178112066,0.46003231017770596,0.3830335934848999,1-2M
shared_rmsprop,CapCom shared / RMSprop,-0.2016527976073507,-0.19835009545968413,-0.2039191631776486,3,7.99987745616841,8.127939514653876,7.81427657821205,0.9999798679597611,0.9999953091064316,0.9999638061748274,10-20M
shared_rmsprop,CapCom shared / RMSprop,-1.3209656488298955,-1.2111037512971667,-1.3963515535604254,3,46.38191064614803,47.80272223155772,43.85443024000353,0.780855160196271,0.8201850257225497,0.7567755719326884,2-4M
shared_rmsprop,CapCom shared / RMSprop,-0.17050417248574035,-0.16757935029849458,-0.17590346262209966,3,6.270398787082952,6.514736626838415,6.143785088835373,0.9998428020881286,0.9999907802490808,0.9995831775676588,20-30M
shared_rmsprop,CapCom shared / RMSprop,-0.16698892962647072,-0.1639155735825486,-0.1723043078125591,3,6.0953142707886006,6.342948273471086,5.961763798951588,0.9999002073305144,1.0,0.999754163462387,26-27M
shared_rmsprop,CapCom shared / RMSprop,-0.1621554930274879,-0.15914607826918653,-0.16760325215049862,3,5.859805745337373,6.08169274675309,5.7335154962036725,0.9998510837080117,1.0,0.9995646600720729,29-30M
shared_rmsprop,CapCom shared / RMSprop,-0.15988610144695653,-0.1573082242591126,-0.1650332323725519,3,5.749255162146166,5.949153080627042,5.648825016031082,0.9998034677364809,1.0,0.9994462373914804,30-33M
shared_rmsprop,CapCom shared / RMSprop,-0.1512690240534302,-0.15076561243486788,-0.15177243567199253,2,5.430532185195227,5.437195989633213,5.4238683807572405,1.0,1.0,1.0,39-40M
shared_rmsprop,CapCom shared / RMSprop,-0.5146576099969326,-0.4672828296150503,-0.5425229042826595,3,22.35069749709906,23.500429639220766,20.343395862712672,0.9779918591245627,0.9852435399271562,0.9716026131481372,4-8M
shared_rmsprop,CapCom shared / RMSprop,-0.2669523184018175,-0.25287072219639195,-0.2795484590429846,3,11.406976836913717,12.071228710462288,10.694750399478407,0.9999980941490375,1.0,0.9999942824471126,8-10M
shared_rmsprop,CapCom shared / RMSprop,-0.1548873150817212,-0.15082511100258925,-0.1620394048587702,3,5.567573777871959,5.843435429501337,5.42226221343255,0.9999139283668395,1.0,0.9997471812158549,last100
