end_steps,episodes,epoch_hours,epochs,first_epoch,group,last_epoch,mean_agent_return,seed,start_steps,steps,steps_taken,success_rate,window
990350,14002,0.2743307050679707,46,1,shared_adam,46,-2.384107032328713,0,0,990350,70.7291815454935,0.3173832309670047,0-1M
1998603,15405,0.30430370807233786,47,47,shared_adam,93,-2.1056907930325632,0,990350,1008253,65.4497241155469,0.4440765985069782,1-2M
3980787,46302,0.7677421318641346,94,94,shared_adam,187,-1.1413218291506482,0,1998603,1982184,42.80990022029286,0.8165953954472809,2-4M
7991375,147524,1.5140544786397367,193,188,shared_adam,380,-0.5926828854965971,0,3980787,4010588,27.186003633307124,0.9564748786638106,4-8M
9989013,126675,0.7430109569761488,98,381,shared_adam,478,-0.351715150319058,0,7991375,1997638,15.769788829682257,0.9989974343793171,8-10M
19993306,1162684,3.77873703732414,496,479,shared_adam,974,-0.21265604698553806,0,9989013,10004293,8.604481527224937,0.999983658500504,10-20M
29993416,1522517,3.829913720907126,497,975,shared_adam,1471,-0.17569549852864258,0,19993306,10000110,6.5681434098929605,0.9999395737453178,20-30M
26996964,157305,0.38546357922618174,50,1273,shared_adam,1322,-0.17251676679062966,0,25991079,1005885,6.394488414227139,0.99996821461492,26-27M
29993416,166604,0.38658616778337296,50,1422,shared_adam,1471,-0.16570910662409066,0,28987940,1005476,6.035125207077861,0.9998919593767257,29-30M
32989323,512247,1.1568590768561182,149,1472,shared_adam,1620,-0.16157621876425501,0,29993416,2995907,5.848559386389769,0.9999043430220187,30-33M
39983772,180565,0.3794568066837059,49,1920,shared_adam,1968,-0.1517658460942043,0,38999052,984720,5.45354858361255,0.9999833854844515,39-40M
40626850,368302,0.7753862196977974,100,1901,shared_adam,2000,-0.15187572517481124,0,38617248,2009602,5.456397195779551,0.9999918545107005,last100
989363,14157,0.27216777067579745,46,1,shared_adam,46,-2.3564891337618583,1,0,989363,69.88507452143816,0.3381366108638836,0-1M
1994886,16200,0.3018276189800559,47,47,shared_adam,93,-1.9907479423868295,1,989363,1005523,62.06932098765432,0.5141975308641975,1-2M
3979999,46860,0.7679246387972186,94,94,shared_adam,187,-1.1163252240717025,1,1994886,1985113,42.362633376013655,0.821468203158344,2-4M
7989811,172240,1.5208908349078976,194,188,shared_adam,381,-0.5181993149094287,1,3979999,4009812,23.280376219228984,0.9768346493265211,4-8M
9993922,168597,0.7578775072801445,99,382,shared_adam,480,-0.2765856846009518,1,7989811,2004111,11.886990871723697,1.0,8-10M
19990583,1257113,3.834982775616356,496,481,shared_adam,976,-0.20083121671109386,1,9993922,9996661,7.952078293677657,0.9999960226328103,10-20M
29986986,1607439,3.8394447282158457,497,977,shared_adam,1473,-0.16882007134744564,1,19990583,9996403,6.218838164309812,0.9999900462785835,20-30M
26991241,166114,0.3843218108489075,50,1275,shared_adam,1324,-0.1655802641559411,1,25985887,1005354,6.052193072227507,0.9999939800378054,26-27M
29986986,174130,0.3853235681789617,50,1424,shared_adam,1473,-0.15947070196596413,1,28981899,1005087,5.772049618101419,1.0,29-30M
32982047,531299,1.1548283777153119,149,1474,shared_adam,1622,-0.15642767380828246,1,29986986,2995061,5.637241929685544,1.0,30-33M
39995881,186257,0.386499657861164,50,1922,shared_adam,1971,-0.14954507302633815,1,38991184,1004697,5.394143575811916,1.0,39-40M
40578698,372525,0.7656179031129513,100,1901,shared_adam,2000,-0.14952455092499384,1,38569106,2009592,5.394515804308436,1.0,last100
989256,14057,0.2743244087220066,46,1,shared_adam,46,-2.349769984112302,2,0,989256,70.37461762822792,0.32339759550401936,0-1M
1996576,15339,0.30468667653337533,47,47,shared_adam,93,-2.215405176347869,2,989256,1007320,65.67051307125628,0.41730230132342394,1-2M
3986490,44463,0.7703591742066459,94,94,shared_adam,187,-1.2256730315093443,2,1996576,1989914,44.75438004633066,0.8014978746373389,2-4M
7989740,152887,1.503151463014591,193,188,shared_adam,380,-0.574008690514345,2,3986490,4003250,26.184371463891633,0.9637313833092415,4-8M
9984516,129747,0.7388084157576992,98,381,shared_adam,478,-0.3433076166179822,2,7989740,1994776,15.37435162277355,0.9998073173175488,8-10M
19990539,1161381,3.7723058898695228,496,479,shared_adam,974,-0.21283680090053708,2,9984516,10006023,8.61562484662656,1.0,10-20M
29985606,1628064,3.837834986133708,497,975,shared_adam,1471,-0.16715266312217048,2,19990539,9995067,6.1392346983902355,1.0,20-30M
26990599,170127,0.3874265448702499,50,1273,shared_adam,1322,-0.16269747502356083,2,25985186,1005413,5.909779164976753,1.0,26-27M
29985606,177778,0.38736231785267594,50,1422,shared_adam,1471,-0.15695764755294056,2,28980567,1005039,5.653337308328364,1.0,29-30M
32980298,538950,1.1581386478271127,149,1472,shared_adam,1620,-0.15474082320561586,2,29985606,2994692,5.556530290379442,1.0,30-33M
39993916,187640,0.38739783907257436,50,1920,shared_adam,1969,-0.14829185319405955,2,38989078,1004838,5.355137497335323,1.0,39-40M
40616881,375431,0.7757846924786767,100,1901,shared_adam,2000,-0.14821618353305932,2,38607362,2009519,5.352565451441143,1.0,last100
991132,14005,0.7028433221857995,46,1,shared_rmsprop,46,-2.3737950731881443,0,0,991132,70.76986790431988,0.31895751517315246,0-1M
1999852,14735,0.7233859563070453,47,47,shared_rmsprop,93,-2.2430324623911297,0,991132,1008720,68.4574143196471,0.3830335934848999,1-2M
3991618,41942,1.525411538830441,94,94,shared_rmsprop,187,-1.3554416416320945,0,1999852,1991766,47.48857946688284,0.765604882933575,2-4M
7984576,169910,3.62789197836123,193,188,shared_rmsprop,380,-0.5425229042826595,0,3991618,3992958,23.500429639220766,0.9716026131481372,4-8M
9988047,174900,2.4149240238017713,99,381,shared_rmsprop,479,-0.2684377739660759,0,7984576,2003471,11.454951400800457,0.9999942824471126,8-10M
19985819,1230050,14.871425247007153,496,480,shared_rmsprop,975,-0.2039191631776486,0,9988047,9997772,8.127939514653876,0.9999804885980245,10-20M
29988715,1535426,17.341111942706114,497,976,shared_rmsprop,1472,-0.17590346262209966,0,19985819,10002896,6.514736626838415,0.9995831775676588,20-30M
26990768,158642,1.7775228617298935,50,1274,shared_rmsprop,1323,-0.1723043078125591,0,25984510,1006258,6.342948273471086,0.999754163462387,26-27M
29988715,165388,1.828706523735697,50,1423,shared_rmsprop,1472,-0.16760325215049862,0,28982876,1005839,6.08169274675309,0.9995646600720729,29-30M
32986053,503826,5.491701671423701,149,1473,shared_rmsprop,1621,-0.1650332323725519,0,29988715,2997338,5.949153080627042,0.9994462373914804,30-33M
33669601,344120,3.7190193003410887,100,1556,shared_rmsprop,1655,-0.1620394048587702,0,31658758,2010843,5.843435429501337,0.9997471812158549,last100
990116,14182,0.5824375344486907,46,1,shared_rmsprop,46,-2.3497226531283766,1,0,990116,69.81497673106755,0.3401494852630094,0-1M
1997164,15475,0.5918509348750942,47,47,shared_rmsprop,93,-2.08581152396338,1,990116,1007048,65.07579967689823,0.46003231017770596,1-2M
3983375,45291,1.1684216381671528,94,94,shared_rmsprop,187,-1.2111037512971667,1,1997164,1986211,43.85443024000353,0.8201850257225497,2-4M
7993750,197134,2.316921722420181,195,188,shared_rmsprop,382,-0.4672828296150503,1,3983375,4010375,20.343395862712672,0.9852435399271562,4-8M
9994941,187119,1.1705927803714036,99,383,shared_rmsprop,481,-0.25287072219639195,1,7993750,2001191,10.694750399478407,1.0,8-10M
19989979,1279074,5.987986426323963,496,482,shared_rmsprop,977,-0.19835009545968413,1,9994941,9995038,7.81427657821205,0.9999953091064316,10-20M
29985561,1626942,6.1432292933544765,497,978,shared_rmsprop,1474,-0.16757935029849458,1,19989979,9995582,6.143785088835373,0.9999907802490808,20-30M
26990224,168636,0.6200348249253713,50,1276,shared_rmsprop,1325,-0.1639155735825486,1,25984856,1005368,5.961763798951588,1.0,26-27M
29985561,174379,0.622364860474546,50,1425,shared_rmsprop,1474,-0.15971714866277859,1,28980404,1005157,5.764208993055356,1.0,29-30M
32980389,530078,1.8580474910264213,149,1475,shared_rmsprop,1623,-0.15731684770920507,1,29985561,2994828,5.649787389780372,1.0,30-33M
39994685,184821,0.6538306557563031,50,1923,shared_rmsprop,1972,-0.15177243567199253,1,38989777,1004908,5.437195989633213,1.0,39-40M
40557314,369639,1.3073570598703292,100,1901,shared_rmsprop,2000,-0.1517974293838042,1,38547578,2009736,5.43702369068199,1.0,last100
989110,14048,0.5886923049581755,46,1,shared_rmsprop,46,-2.3481207289293824,2,0,989110,70.40931093394077,0.32218109339407747,0-1M
1996467,15023,0.5981348124089547,47,47,shared_rmsprop,93,-2.2277163904235704,2,989110,1007357,67.0543167143713,0.4000532516807562,1-2M
3987785,41657,1.1829554108312974,94,94,shared_rmsprop,187,-1.3963515535604254,2,1996467,1991318,47.80272223155772,0.7567755719326884,2-4M
7996108,172711,2.335183400464658,194,188,shared_rmsprop,381,-0.534167096093088,2,3987785,4008323,23.208266989363736,0.9771294242983944,4-8M
9980618,164400,1.1646671090601013,98,382,shared_rmsprop,479,-0.2795484590429846,2,7996108,1984510,12.071228710462288,1.0,8-10M
19998452,1243306,6.042875846210453,497,480,shared_rmsprop,976,-0.20268913418471934,2,9980618,10017834,8.057416275639303,0.9999638061748274,10-20M
29993675,1624533,6.197445791235401,497,977,shared_rmsprop,1473,-0.16802970453662683,2,19998452,9995223,6.1526746455750665,0.9999544484476461,20-30M
26998211,168094,0.6255201926842953,50,1275,shared_rmsprop,1324,-0.16474690748430443,2,25992802,1005409,5.981230739943127,0.9999464585291563,26-27M
29993675,175301,0.6282165503289757,50,1424,shared_rmsprop,1473,-0.15914607826918653,2,28988584,1005091,5.7335154962036725,0.999988591051962,29-30M
32988795,530220,1.8750931668333295,149,1474,shared_rmsprop,1622,-0.1573082242591126,2,29993675,2995120,5.648825016031082,0.9999641658179623,30-33M
39983052,181554,0.6461012581394364,49,1922,shared_rmsprop,1970,-0.15076561243486788,2,38998327,984725,5.4238683807572405,1.0,39-40M
40586013,370637,1.288233746035128,100,1901,shared_rmsprop,2000,-0.15082511100258925,2,38576322,2009691,5.42226221343255,0.9999946038846634,last100
989334,13870,0.9190573969359199,46,1,banked_rmsprop,46,-2.4193330930064865,0,0,989334,71.32905551550108,0.2968276856524874,0-1M
1998910,14565,0.9521428203236104,47,47,banked_rmsprop,93,-2.28094175534958,0,989334,1009576,69.315207689667,0.35942327497425336,1-2M
3982359,34261,1.9239418033086177,93,94,banked_rmsprop,186,-1.7727411147757883,0,1998910,1983449,57.892326552056275,0.6060243425469193,2-4M
7990626,115367,3.308263389274426,191,187,banked_rmsprop,377,-0.8050326349822737,0,3982359,4008267,34.74361819237737,0.8941205023966993,4-8M
9994919,87728,1.692927011710902,97,378,banked_rmsprop,474,-0.48856370448051556,0,7990626,2004293,22.84667380995805,0.9822861572132044,8-10M
19986630,875333,10.612621923507865,493,475,banked_rmsprop,967,-0.2655427324991365,0,9994919,9991711,11.414754156418185,0.9995715916114211,10-20M
29983423,1263372,6.709809737361761,496,968,banked_rmsprop,1463,-0.20029915970909598,0,19986630,9996793,7.912786574342316,0.9998211136545689,20-30M
26981280,128386,0.6598121962406569,49,1266,banked_rmsprop,1314,-0.19593971824549922,0,25993993,987287,7.689989562724907,0.9998597977972676,26-27M
29983423,135158,0.6577051647054032,49,1415,banked_rmsprop,1463,-0.18943952016652116,0,28996666,986757,7.300766510306456,0.9998224300448364,29-30M
32983483,427909,2.0096293991708403,149,1464,banked_rmsprop,1612,-0.18426316498757134,0,29983423,3000060,7.010976632882225,0.9997873379620433,30-33M
39984768,160726,1.9628407152535188,49,1912,banked_rmsprop,1960,-0.16627604328691895,0,38999162,985606,6.132212585393776,0.9999751129251023,39-40M
40789296,328911,3.011978786089975,100,1901,banked_rmsprop,2000,-0.16604061078326154,0,38777918,2011378,6.115265223723135,0.9999726369747439,last100
988729,14094,0.9547338400796677,46,1,banked_rmsprop,46,-2.324570739321695,1,0,988729,70.15247623102029,0.3382290336313325,0-1M
1997648,14664,0.9898300219063336,47,47,banked_rmsprop,93,-2.343614748136022,1,988729,1008919,68.80244135297326,0.3508592471358429,1-2M
3979533,34475,2.007914115236037,93,94,banked_rmsprop,186,-1.788690355329948,1,1997648,1981885,57.487599709934734,0.6050471356055113,2-4M
7980512,121275,3.6135476566173343,191,187,banked_rmsprop,377,-0.7554783206211775,1,3979533,4000979,32.99096268810555,0.9073757988043702,4-8M
9987241,107256,1.6794436096097343,98,378,banked_rmsprop,475,-0.4092956726585615,1,7980512,2006729,18.709713209517417,0.9952170507943612,8-10M
19984587,911685,10.939227511941766,494,476,banked_rmsprop,969,-0.2544807325629649,1,9987241,9997346,10.965789719036728,0.9996862951567702,10-20M
29999109,1299384,6.977911105461212,497,970,banked_rmsprop,1466,-0.19629691197264754,1,19984587,10014522,7.7071304556620674,0.9998830214932615,20-30M
26999292,136198,0.7029020673786808,50,1268,banked_rmsprop,1317,-0.19033894281364874,1,25992236,1007056,7.3940586499067535,0.9999559464896695,26-27M
29999109,146781,0.7047360505117104,50,1417,banked_rmsprop,1466,-0.18086877729406395,1,28992686,1006423,6.856629945292647,0.9999659356456218,29-30M
32997698,454806,2.0998277664360487,149,1467,banked_rmsprop,1615,-0.17613927696644283,1,29999109,2998589,6.593116625550235,0.9998944604952441,30-33M
39997512,170122,0.5785717431098844,50,1914,banked_rmsprop,1963,-0.16235672047119126,1,38992356,1005156,5.908442176790774,0.9999470967893629,39-40M
40741476,340762,1.2184887458239164,100,1901,banked_rmsprop,2000,-0.16213730795491674,1,38730845,2010631,5.900396757854455,0.9999266350121199,last100
989847,14054,0.8163179945123071,46,1,banked_rmsprop,46,-2.3399637113988874,2,0,989847,70.43169204496941,0.3302974242208624,0-1M
1998857,14757,0.8391699993900127,47,47,banked_rmsprop,93,-2.312782634230081,2,989847,1009010,68.37500847055635,0.3634207494748255,1-2M
3980138,35200,1.7216936641170955,93,94,banked_rmsprop,186,-1.6922088068181806,2,1998857,1981281,56.28639204545455,0.6271022727272727,2-4M
7994421,143054,2.7837757323314953,193,187,banked_rmsprop,379,-0.6664889948317884,2,3980138,4014283,28.061312511359347,0.9486697331077775,4-8M
9991771,126012,1.3071042926335292,98,380,banked_rmsprop,477,-0.35993463585478636,2,7994421,1997350,15.850474557978606,0.9995476621274164,8-10M
19997446,992752,10.367747405230379,495,478,banked_rmsprop,972,-0.24032677177515968,2,9991771,10005675,10.078725603171788,0.999976832078908,10-20M
29991055,1300204,6.993060572847931,496,973,banked_rmsprop,1468,-0.19636408337973632,2,19997446,9993609,7.686185398598989,0.9998992465797675,20-30M
26990209,133981,0.7306916846024494,50,1270,banked_rmsprop,1319,-0.19338077787148922,2,25983001,1007208,7.517543532291892,0.9998731163373912,26-27M
29991055,140687,0.7375908847867201,50,1419,banked_rmsprop,1468,-0.1871118155906374,2,28984179,1006876,7.156851734701856,0.9998294085452103,29-30M
32990635,432781,2.187894771714281,149,1469,banked_rmsprop,1617,-0.18330314100357148,2,29991055,2999580,6.930941977582195,0.9998220809139033,30-33M
39991950,163829,0.741517679385013,50,1916,banked_rmsprop,1965,-0.16687898153969485,2,38986401,1005549,6.1377961166826385,0.9998596097150078,39-40M
40695846,328228,1.4822944418589274,100,1901,banked_rmsprop,2000,-0.16668154453611514,2,38684821,2011025,6.126914827497958,0.999881180155258,last100
989198,14151,1.5110175928282035,46,1,pcp_real,46,-2.317220220008006,0,0,989198,69.90304572115045,0.3141120768850258,0-1M
1979552,14568,1.4514583888153234,46,47,pcp_real,92,-2.2032662914149714,0,989198,990354,67.98146622734761,0.3689593629873696,1-2M
3981929,177531,2.6859582650966733,97,93,pcp_real,189,-0.3469249501964914,0,1979552,2002377,11.279027324805245,0.9710811069616011,2-4M
7999670,780797,5.178298307435276,200,190,pcp_real,389,-0.13842341009677717,0,3981929,4017741,5.145692158140976,1.0,4-8M
9988683,388496,2.553071191030451,99,390,pcp_real,488,-0.13647253339373722,0,7999670,1989013,5.119777295004324,1.0,8-10M
19993507,1954434,12.923464622856635,498,489,pcp_real,986,-0.13614007090202757,0,9988683,10004824,5.11903906706494,0.9999994883429166,10-20M
29982234,1553421,12.170379903755254,488,987,pcp_real,1474,-0.16398510127003557,0,19993507,9988727,6.43014804100112,0.9838575634036105,20-30M
26988900,102135,1.2161561567087968,48,1278,pcp_real,1325,-0.23839069205789712,0,25995407,993493,9.727253145346845,0.9525725755128017,26-27M
29982234,192526,1.0903674786501667,49,1426,pcp_real,1474,-0.13588796664692906,0,28997826,984408,5.113117189366631,1.0,29-30M
32995749,589252,3.3337019691859475,150,1475,pcp_real,1624,-0.13577374366145553,0,29982234,3013515,5.114136226945348,1.0,30-33M
36752775,392629,2.224687249850896,100,1712,pcp_real,1811,-0.13588935101584448,0,34743645,2009130,5.117120742482089,1.0,last100
989569,14288,1.6191483144053362,46,1,pcp_real,46,-2.2591055431130993,1,0,989569,69.25874860022397,0.333496640537514,0-1M
1995545,16471,1.6509772797792943,47,47,pcp_real,93,-1.967715985671785,1,989569,1005976,61.075587396029384,0.5362758788173153,1-2M
3995722,314884,2.975349795217626,99,94,pcp_real,192,-0.18195324839200044,1,1995545,2000177,6.352107442740818,0.9984470471665756,2-4M
7993614,778103,5.213569980679701,199,193,pcp_real,391,-0.1399779120930434,1,3995722,3997892,5.137998439795245,1.0,4-8M
9982761,387975,2.4013716708775608,99,392,pcp_real,490,-0.1377989561183066,1,7993614,1989147,5.126997873574329,1.0,8-10M
19987561,1954899,10.456818970032037,498,491,pcp_real,988,-0.13612539573655724,1,9982761,10004800,5.117809155357898,0.9999979538584858,10-20M
29992230,1955540,9.745943364424424,498,989,pcp_real,1486,-0.1358271713524994,1,19987561,10004669,5.116064616423085,1.0,20-30M
26998804,196254,0.9766302379355248,50,1288,pcp_real,1337,-0.13587943855072168,1,25994283,1004521,5.1184740183639565,1.0,26-27M
29992230,196398,0.977752372433121,50,1437,pcp_real,1486,-0.13567364908671847,1,28987708,1004522,5.114726219207935,1.0,29-30M
32985786,585310,2.9145410166189283,149,1487,pcp_real,1635,-0.1357544719892023,1,29992230,2993556,5.114479506586253,1.0,30-33M
39997335,196453,0.9731743326286475,50,1935,pcp_real,1984,-0.13559350073554488,1,38992973,1004362,5.112479829781169,1.0,39-40M
40001350,389636,1.9303759286832065,100,1886,pcp_real,1985,-0.13567239680111692,1,38008544,1992806,5.114532538061165,1.0,last100
991784,13977,1.6227241407231325,46,1,pcp_real,46,-2.3808006009873335,2,0,991784,70.95828861701366,0.27459397581741435,0-1M
1980870,14670,1.6255063706595037,46,47,pcp_real,92,-2.1939297886843874,2,991784,989086,67.4223585548739,0.3762099522835719,1-2M
3997066,211432,3.021923428842177,98,93,pcp_real,190,-0.2872155113700858,2,1980870,2016196,9.535907525823905,0.9773071247493283,2-4M
7994757,777801,5.231275006154449,199,191,pcp_real,389,-0.1381528394366511,2,3997066,3997691,5.139734970770158,1.0,4-8M
9983640,388243,2.3913048170072337,99,390,pcp_real,488,-0.13655009019265427,2,7994757,1988883,5.122778775148554,1.0,8-10M
19988298,1954652,10.463214785273497,498,489,pcp_real,986,-0.13611534602237807,2,9983640,10004658,5.118383221156503,1.0,10-20M
29992857,1955096,9.75581032063398,498,987,pcp_real,1484,-0.1359168467089766,2,19988298,10004559,5.117170205452827,0.9999994885161649,20-30M
26999765,196218,0.9771980986340593,50,1286,pcp_real,1335,-0.1359541428411257,2,25995418,1004347,5.118526332956201,1.0,26-27M
29992857,196363,0.9779226557527565,50,1435,pcp_real,1484,-0.1357335648772936,2,28988390,1004467,5.115357781252069,1.0,29-30M
32986253,585356,2.9164158823449786,149,1485,pcp_real,1633,-0.1356693476562411,2,29992857,2993396,5.113804249038192,0.9999914581895462,30-33M
39998041,196337,0.9720948371943087,50,1933,pcp_real,1982,-0.13584618962973527,2,38993464,1004577,5.116595445585906,1.0,39-40M
40000054,389093,1.9275170998047624,100,1884,pcp_real,1983,-0.13580463625234412,2,38009059,1990995,5.117015726317359,1.0,last100
996392,13716,1.9879407769353645,46,1,pcp_binary,46,-2.449404588315346,0,0,996392,72.64450277048702,0.22346165062700496,0-1M
1981699,12320,1.941284906996621,44,47,pcp_binary,90,-2.80157873376623,0,996392,985307,79.97621753246753,0.0012175324675324675,1-2M
3994744,26273,3.834863094502232,91,91,pcp_binary,181,-2.5282939392785972,0,1981699,2013045,76.62029459901801,0.09926540554942337,2-4M
7988452,296053,7.238444198503469,191,182,pcp_binary,372,-0.3368860755788095,0,3994744,3993708,13.489841345975213,0.9364100346897346,4-8M
9997489,382184,3.4623732165557644,100,373,pcp_binary,472,-0.14290538065434452,0,7988452,2009037,5.2567271262009925,1.0,8-10M
19982493,1946301,16.734004039088678,497,473,pcp_binary,969,-0.13713021093174524,0,9997489,9985004,5.13024655487512,1.0,10-20M
26993566,196476,1.4090964659003333,50,1269,pcp_binary,1318,-0.1357733260041939,0,25989001,1004565,5.112914554449398,1.0,26-27M
27294921,392487,2.8722950780624523,100,1234,pcp_binary,1333,-0.13607877458361678,0,25285890,2009031,5.118719855689488,1.0,last100
991190,14100,1.9821782527667366,46,1,pcp_binary,46,-2.33145271867612,1,0,991190,70.29716312056738,0.3058156028368794,0-1M
1980589,13180,1.9709076278072057,45,47,pcp_binary,91,-2.517481031866461,1,991190,989399,75.06820940819424,0.153793626707132,1-2M
3990579,26691,3.709846685434588,91,92,pcp_binary,182,-2.159227829605482,1,1980589,2009990,75.30590835862276,0.13176726237308456,2-4M
7993188,429526,6.93763538832828,195,183,pcp_binary,377,-0.23757452012994162,1,3990579,4002609,9.318665226319245,0.9769536652030377,4-8M
9982205,384366,3.4263403285015372,99,378,pcp_binary,476,-0.13987115579074805,1,7993188,1989017,5.17479954002175,1.0,8-10M
19986926,1951695,16.813888753670682,498,477,pcp_binary,974,-0.13682620320627284,1,9982205,10004721,5.126170328867984,1.0,10-20M
26998304,196353,1.4352075920507519,50,1274,pcp_binary,1323,-0.13596549751383138,1,25993871,1004433,5.115445142167423,1.0,26-27M
27520665,392506,2.87527174801307,100,1250,pcp_binary,1349,-0.1360508289469885,1,25511751,2008914,5.118173989696973,1.0,last100
989761,14723,1.983373733936395,46,1,pcp_binary,46,-2.1087221807149787,2,0,989761,67.22549752088568,0.35006452489302453,0-1M
1996476,74535,1.9997629378368664,49,47,pcp_binary,95,-0.33789047650991694,2,989761,1006715,13.50660763399745,0.9792312336486214,1-2M
3986373,358578,3.6209405739874474,99,96,pcp_binary,194,-0.15389241206469256,2,1996476,1989897,5.549411843448287,0.9999972112064879,2-4M
7984804,766619,6.871905983304605,199,195,pcp_binary,393,-0.14330921444246317,2,3986373,3998431,5.215669061163368,1.0,4-8M
9993776,390528,3.463195310095325,100,394,pcp_binary,493,-0.13852638820605268,2,7984804,2008972,5.144245739101934,1.0,8-10M
19998841,1952274,16.83440785250937,498,494,pcp_binary,991,-0.1366622291065018,2,9993776,10005065,5.1248262282855785,0.9999994877768182,10-20M
26990036,196223,1.4418409402927177,50,1290,pcp_binary,1339,-0.13609804491148678,2,25985497,1004539,5.119374385265743,1.0,26-27M
27572634,392438,2.875018555681842,100,1269,pcp_binary,1368,-0.136044249877263,2,25563612,2009022,5.119336047987198,1.0,last100
