budget_m,end_steps,episodes,epoch_hours,epochs,first_epoch,group,last_epoch,mean_agent_return,seed,start_steps,steps,steps_taken,success_rate
1,990350,14002,0.2743307050679707,46,1,shared_adam,46,-2.384107032328713,0,0,990350,70.7291815454935,0.3173832309670047
2,1998603,15405,0.30430370807233786,47,47,shared_adam,93,-2.1056907930325632,0,990350,1008253,65.4497241155469,0.4440765985069782
3,2992763,21022,0.3860647119871444,47,94,shared_adam,140,-1.3407580946944464,0,1998603,994160,47.291409000095136,0.7690039006754829
4,3980787,25280,0.3816774198769902,47,141,shared_adam,187,-0.9754773206751052,0,2992763,988024,39.08322784810127,0.8561708860759494
5,4985800,30422,0.3867413355311793,48,188,shared_adam,235,-0.7498915258694364,0,3980787,1005013,33.035730721188614,0.9158503714417198
6,5984123,34334,0.37921615443761564,48,236,shared_adam,283,-0.6308440612803633,0,4985800,998323,29.07680433389643,0.9471952000932021
7,6981047,37778,0.3720050554112014,48,284,shared_adam,331,-0.5634950676760724,0,5984123,996924,26.389009476414845,0.9632060987876542
8,7991375,44990,0.3760919332597405,49,332,shared_adam,380,-0.4817655775357487,0,6981047,1010328,22.45672371638142,0.9853745276728162
9,8994292,54949,0.37249106716105923,49,381,shared_adam,429,-0.3989854228466396,0,7991375,1002917,18.25177892227338,0.997797958106608
10,9989013,71726,0.3705198898150896,49,430,shared_adam,478,-0.3155015847344989,0,8994292,994721,13.868346206396565,0.9999163483255723
11,10980338,86542,0.3707231868042921,49,479,shared_adam,527,-0.26720359286049933,0,9989013,991325,11.454842735319266,1.0
12,11990488,99251,0.3799276322638616,50,528,shared_adam,577,-0.24179554865945935,0,10980338,1010150,10.177731206738471,1.0
13,12999850,107257,0.37953284627447526,50,578,shared_adam,627,-0.22697928029561396,0,11990488,1009362,9.410686482001175,1.0
14,13988188,110886,0.37235604448864856,49,628,shared_adam,676,-0.21761508816862965,0,12999850,988338,8.91309994047941,1.0
15,14996499,117285,0.3802026184870758,50,677,shared_adam,726,-0.21222605902999817,0,13988188,1008311,8.597101078569297,1.0
16,15984159,119090,0.37367816659518416,49,727,shared_adam,775,-0.206297058247264,0,14996499,987660,8.293391552607272,1.0
17,16991985,125522,0.3823329056199226,50,776,shared_adam,825,-0.20186076278793094,0,15984159,1007826,8.029078567900449,0.9999760998072051
18,17999346,129608,0.38279825777953697,50,826,shared_adam,875,-0.19714909573483116,0,16991985,1007361,7.772367446453923,1.0
19,18986275,130644,0.3744022301967359,49,876,shared_adam,924,-0.19363052774460873,0,17999346,986929,7.554338507700315,0.9999311104987599
20,19993306,136599,0.38278314881440667,50,925,shared_adam,974,-0.19039548849796362,0,18986275,1007031,7.372169635209628,0.9999487551153375
21,20999946,140193,0.38395936679871134,50,975,shared_adam,1024,-0.186755995900889,0,19993306,1006640,7.180387037869223,0.9999643348811995
22,21986399,139889,0.37622815516156455,49,1025,shared_adam,1073,-0.18478686673005024,0,20999946,986453,7.051683835040639,0.9999070691762755
23,22992751,146283,0.3842546985955495,50,1074,shared_adam,1123,-0.18141820990819166,0,21986399,1006352,6.8794870217318485,0.9999316393565896
24,23998932,148929,0.38533248589167163,50,1124,shared_adam,1173,-0.17911152294046156,0,22992751,1006181,6.756111972819263,0.999946283128202
25,24984999,148432,0.3774807543141974,49,1174,shared_adam,1222,-0.1772391847220725,0,23998932,986067,6.643223833135712,0.9999461032661421
26,25991079,153742,0.3860981596328525,50,1223,shared_adam,1272,-0.17553260223838205,0,24984999,1006080,6.543950254322176,0.9999089383512638
27,26996964,157305,0.38546357922618174,50,1273,shared_adam,1322,-0.17251676679062966,0,25991079,1005885,6.394488414227139,0.99996821461492
28,27982518,157232,0.3775875595139547,49,1323,shared_adam,1371,-0.17035696719921303,0,26996964,985554,6.268151521318815,0.9999681998575354
29,28987940,163908,0.38692279398906976,50,1372,shared_adam,1421,-0.16734224890385663,0,27982518,1005422,6.134063010957366,0.9999633940991288
30,29993416,166604,0.38658616778337296,50,1422,shared_adam,1471,-0.16570910662409066,0,28987940,1005476,6.035125207077861,0.9998919593767257
31,30998877,169443,0.38788930168737557,50,1472,shared_adam,1521,-0.1634699181042199,0,29993416,1005461,5.9339187809469855,0.9998701628276175
32,31984168,168407,0.3806613044756361,49,1522,shared_adam,1570,-0.16157473660041843,0,30998877,985291,5.850653476399437,0.9999346820500336
33,32989323,174397,0.3883084706931065,50,1571,shared_adam,1620,-0.15973774395966292,0,31984168,1005155,5.763602584906851,0.9999082553025568
34,33994418,176539,0.38844692199956626,50,1621,shared_adam,1670,-0.15807659119703485,0,32989323,1005095,5.69333121859759,0.9999206974096375
35,34999629,177709,0.3882474845751292,50,1671,shared_adam,1720,-0.1576493030741268,0,33994418,1005211,5.656500233527846,0.9997524042113792
36,35984377,176402,0.38128816856899195,49,1721,shared_adam,1769,-0.15532401371110682,0,34999629,984748,5.582408362716976,1.0
37,36989311,181125,0.3904666276928037,50,1770,shared_adam,1819,-0.15445189786059352,0,35984377,1004934,5.548289855072464,0.9999944789510007
38,37994155,182063,0.38972028515042945,50,1820,shared_adam,1869,-0.15374623070036197,0,36989311,1004844,5.519210383218995,1.0
39,38999052,183012,0.3874818337129222,50,1870,shared_adam,1919,-0.15290044732950117,0,37994155,1004897,5.490880379428671,0.9999672152645728
40,39983772,180565,0.3794568066837059,49,1920,shared_adam,1968,-0.1517658460942043,0,38999052,984720,5.45354858361255,0.9999833854844515
1,989363,14157,0.27216777067579745,46,1,shared_adam,46,-2.3564891337618583,1,0,989363,69.88507452143816,0.3381366108638836
2,1994886,16200,0.3018276189800559,47,47,shared_adam,93,-1.9907479423868295,1,989363,1005523,62.06932098765432,0.5141975308641975
3,2990105,21733,0.3855321391247627,47,94,shared_adam,140,-1.2825304069080807,1,1994886,995219,45.79298762250955,0.7921593889476832
4,3979999,25127,0.3823924996724559,47,141,shared_adam,187,-0.9725700110107317,1,2990105,989894,39.39563019859116,0.8468181637282605
5,4983916,30862,0.38553934936101236,48,188,shared_adam,235,-0.738388093232238,1,3979999,1003917,32.52922688095392,0.925539498412287
6,5981519,36416,0.379959106765584,48,236,shared_adam,283,-0.6017007176332746,1,4983916,997603,27.39463422671353,0.9661412565905096
7,6991509,44466,0.3808311838977453,49,284,shared_adam,332,-0.4961056387651989,1,5981519,1009990,22.71375882696892,0.9899248864300814
8,7989811,60496,0.374561194883556,49,333,shared_adam,381,-0.3718452459666755,1,6991509,998302,16.501950542184606,0.9998181697963502
9,8982853,76865,0.37425228006568634,49,382,shared_adam,430,-0.29822155727574323,1,7989811,993042,12.919300071554023,1.0
10,9993922,91732,0.3836252272144581,50,431,shared_adam,480,-0.2584563365746595,1,8982853,1011069,11.021987964941351,1.0
11,10983467,99756,0.3761928947363049,49,481,shared_adam,529,-0.2368485771950225,1,9993922,989545,9.91965395565179,1.0
12,11992465,109700,0.3855632733915829,50,530,shared_adam,579,-0.22326207839562442,1,10983467,1008998,9.197793983591614,1.0
13,12980823,113270,0.37735540125363815,49,580,shared_adam,628,-0.21447985639033576,1,11992465,988358,8.725681998764015,1.0
14,13988775,121074,0.3855695964768529,50,629,shared_adam,678,-0.2075632808585383,1,12980823,1007952,8.325090440557014,1.0
15,14996567,125652,0.3858178982609469,50,679,shared_adam,728,-0.20194399346342806,1,13988775,1007792,8.020501066437463,1.0
16,15983788,127657,0.37957088206429035,49,729,shared_adam,777,-0.19702967065391375,1,14996567,987221,7.733387123306986,1.0
17,16990757,135125,0.38785592759442,50,778,shared_adam,827,-0.19189725562750537,1,15983788,1006969,7.452129509713228,0.9999925994449583
18,17997562,139087,0.38836078639814836,50,828,shared_adam,877,-0.18792746027066992,1,16990757,1006805,7.2386707600278966,1.0
19,18984185,139815,0.3803368035119234,49,878,shared_adam,926,-0.1846525766191038,1,17997562,986623,7.05663197797089,0.9999713907663699
20,19990583,145977,0.38835931192824824,50,927,shared_adam,976,-0.18161422689875803,1,18984185,1006398,6.894223062537249,1.0
21,20996901,149276,0.3894189946431046,50,977,shared_adam,1026,-0.17885549809301785,1,19990583,1006318,6.741324794340684,0.9999665049974544
22,21982783,148904,0.38156810503763455,49,1027,shared_adam,1075,-0.17660875463385806,1,20996901,985882,6.620923548057809,0.9999865685273733
23,22988876,154483,0.3857619918272313,50,1076,shared_adam,1125,-0.1748737185752909,1,21982783,1006093,6.5126454043486985,1.0
24,23994712,157331,0.3847539703377212,50,1126,shared_adam,1175,-0.17238719642028588,1,22988876,1005836,6.393120236952667,0.9999682198676675
25,24980379,156844,0.3773219141188181,49,1176,shared_adam,1224,-0.1706304778421021,1,23994712,985667,6.284378108183928,0.9999872484761929
26,25985887,163253,0.3859950294547404,50,1225,shared_adam,1274,-0.16778486970122042,1,24980379,1005508,6.159200749756513,1.0
27,26991241,166114,0.3843218108489075,50,1275,shared_adam,1324,-0.1655802641559411,1,25985887,1005354,6.052193072227507,0.9999939800378054
28,27996582,168982,0.38536136105604885,50,1325,shared_adam,1374,-0.16356771727166208,1,26991241,1005341,5.949396977192837,1.0
29,28981899,168122,0.37961798271267777,49,1375,shared_adam,1423,-0.16159059095973957,1,27996582,985317,5.860726139351185,0.9999940519384732
30,29986986,174130,0.3853235681789617,50,1424,shared_adam,1473,-0.15947070196596413,1,28981899,1005087,5.772049618101419,1.0
31,30992112,176314,0.38742466727478636,50,1474,shared_adam,1523,-0.15800494194070427,1,29986986,1005126,5.700772485452092,1.0
32,31997116,178507,0.38756709224699687,50,1524,shared_adam,1573,-0.15626305971194407,1,30992112,1005004,5.630053723383397,1.0
33,32982047,176478,0.3798366181935287,49,1574,shared_adam,1622,-0.15501837811700797,1,31997116,984931,5.581041262933623,1.0
34,33986923,180926,0.3870665178008171,50,1623,shared_adam,1672,-0.15433381603528515,1,32982047,1004876,5.554071830472127,1.0
35,34991985,182244,0.38726423244043773,50,1673,shared_adam,1722,-0.15318071742645392,1,33986923,1005062,5.514925045543338,1.0
36,35996943,183168,0.38852700530499634,50,1723,shared_adam,1772,-0.152536196278826,1,34991985,1004958,5.486536949685535,0.9999945405310972
37,36981526,180347,0.3811070727282721,49,1773,shared_adam,1821,-0.1517550425938145,1,35996943,984583,5.459381082025207,1.0
38,37986403,184710,0.3877614281523145,50,1822,shared_adam,1871,-0.15108891415371845,1,36981526,1004877,5.440295598505766,1.0
39,38991184,185608,0.38627454238478093,50,1872,shared_adam,1921,-0.15010954987572375,1,37986403,1004781,5.413457394077842,1.0
40,39995881,186257,0.386499657861164,50,1922,shared_adam,1971,-0.14954507302633815,1,38991184,1004697,5.394143575811916,1.0
1,989256,14057,0.2743244087220066,46,1,shared_adam,46,-2.349769984112302,2,0,989256,70.37461762822792,0.32339759550401936
2,1996576,15339,0.30468667653337533,47,47,shared_adam,93,-2.215405176347869,2,989256,1007320,65.67051307125628,0.41730230132342394
3,2996867,19024,0.3887561479811039,47,94,shared_adam,140,-1.547519799551443,2,1996576,1000291,52.58047729184188,0.7011143818334735
4,3986490,25439,0.38160302622554204,47,141,shared_adam,187,-0.9849869622757704,2,2996867,989623,38.9018043162074,0.8765674751366013
5,4990229,30254,0.38478583997374194,48,188,shared_adam,235,-0.7534711663471494,2,3986490,1003739,33.17706749520725,0.9208038606465261
6,5990155,33885,0.3779680926285477,48,236,shared_adam,283,-0.6407146721754954,2,4990229,999926,29.509399439279917,0.9430426442378633
7,6984579,39123,0.36925479591617155,48,284,shared_adam,331,-0.5461105573021837,2,5990155,994424,25.41788717634128,0.9737494568412443
8,7989740,49625,0.3711427344961299,49,332,shared_adam,380,-0.44104483627204033,2,6984579,1005161,20.255133501259447,0.9961309823677582
9,8989025,60238,0.36929585011779437,49,381,shared_adam,429,-0.3677285655787599,2,7989740,999285,16.58894717620107,0.9996679836647963
10,9984516,69509,0.3695125656399048,49,430,shared_adam,478,-0.3221438950351753,2,8989025,995491,14.321756894790603,0.9999280668690386
11,10997569,82318,0.3768643808256214,50,479,shared_adam,528,-0.28182697992338657,2,9984516,1013053,12.306579362958283,1.0
12,11988260,92162,0.37078450681848657,49,529,shared_adam,577,-0.2517691673357783,2,10997569,990691,10.749452051821793,1.0
13,12997845,104028,0.37813794285421154,50,578,shared_adam,627,-0.2320038835698081,2,11988260,1009585,9.704935209751222,1.0
14,13986775,109487,0.37169845699953535,49,628,shared_adam,676,-0.21988744478035444,2,12997845,988930,9.03239654022852,1.0
15,14994961,117854,0.37948139534073155,50,677,shared_adam,726,-0.21133535278112467,2,13986775,1008186,8.5545335754408,1.0
16,15982701,120681,0.3736675064959046,49,727,shared_adam,775,-0.2048462475451811,2,14994961,987740,8.184718389804527,1.0
17,16989989,127745,0.38192422113588287,50,776,shared_adam,825,-0.19936540242931883,2,15982701,1007288,7.885146189674742,1.0
18,17997212,132162,0.38262187498725125,50,826,shared_adam,875,-0.19480523902483315,2,16989989,1007223,7.621124074998865,1.0
19,18984041,133865,0.3744510966539383,49,876,shared_adam,924,-0.1902100374755662,2,17997212,986829,7.371822358346095,1.0
20,19990539,141079,0.38267450775795925,50,925,shared_adam,974,-0.1861928423082103,2,18984041,1006498,7.134286463612586,1.0
21,20996773,145994,0.3839425275976666,50,975,shared_adam,1024,-0.18183840888438338,2,19990539,1006234,6.892296943710016,1.0
22,21982724,147706,0.3765329494430787,49,1025,shared_adam,1073,-0.17791096276838222,2,20996773,985951,6.67509105926638,1.0
23,22988508,155178,0.3849829219043669,50,1074,shared_adam,1123,-0.1740820219360992,2,21982724,1005784,6.481485777623116,1.0
24,23994381,159507,0.38649339721900305,50,1124,shared_adam,1173,-0.17077453236117118,2,22988508,1005873,6.3061370347382875,1.0
25,24999844,163250,0.3862130470930909,50,1174,shared_adam,1223,-0.16799162838182746,2,23994381,1005463,6.159038284839204,1.0
26,25985186,163410,0.3789487947347677,49,1224,shared_adam,1272,-0.16515380535666932,2,24999844,985342,6.029875772596537,1.0
27,26990599,170127,0.3874265448702499,50,1273,shared_adam,1322,-0.16269747502356083,2,25985186,1005413,5.909779164976753,1.0
28,27995720,172884,0.38597249353511465,50,1323,shared_adam,1372,-0.16067883667661553,2,26990599,1005121,5.813846278429467,1.0
29,28980567,172230,0.37995999188369345,49,1373,shared_adam,1421,-0.15840387853451782,2,27995720,984847,5.718208209951809,1.0
30,29985606,177778,0.38736231785267594,50,1422,shared_adam,1471,-0.15695764755294056,2,28980567,1005039,5.653337308328364,1.0
31,30990551,179518,0.3883717332283656,50,1472,shared_adam,1521,-0.15571409737927858,2,29985606,1004945,5.598018026047527,1.0
32,31995461,181098,0.38882933104100326,50,1522,shared_adam,1571,-0.15447787017710485,2,30990551,1004910,5.548984527714277,1.0
33,32980298,178334,0.380937583557744,49,1572,shared_adam,1620,-0.15402811578274475,2,31995461,984837,5.522429822692252,1.0
34,33985123,183195,0.3884475998011314,50,1621,shared_adam,1670,-0.1526767470000091,2,32980298,1004825,5.485002319932312,1.0
35,34989980,183983,0.3882096778658322,50,1671,shared_adam,1720,-0.15193441785382344,2,33985123,1004857,5.46168395993108,1.0
36,35994747,184929,0.3892458162772366,50,1721,shared_adam,1770,-0.15106302058267407,2,34989980,1004767,5.433258169351481,1.0
37,36999652,185725,0.3903642439754266,50,1771,shared_adam,1820,-0.1502815094000987,2,35994747,1004905,5.410714766455781,1.0
38,37984411,182983,0.3818939326646634,49,1821,shared_adam,1869,-0.1492481086585457,2,36999652,984759,5.381696660345496,1.0
39,38989078,186751,0.38699142103807793,50,1870,shared_adam,1919,-0.14927711230461954,2,37984411,1004667,5.3797141648505225,1.0
40,39993916,187640,0.38739783907257436,50,1920,shared_adam,1969,-0.14829185319405955,2,38989078,1004838,5.355137497335323,1.0
1,991132,14005,0.7028433221857995,46,1,shared_rmsprop,46,-2.3737950731881443,0,0,991132,70.76986790431988,0.31895751517315246
2,1999852,14735,0.7233859563070453,47,47,shared_rmsprop,93,-2.2430324623911297,0,991132,1008720,68.4574143196471,0.3830335934848999
3,2979709,18238,0.7350377193227824,46,94,shared_rmsprop,139,-1.6031820009503956,0,1999852,979857,53.72612128522864,0.6778155499506525
4,3991618,23704,0.7903738195076585,48,140,shared_rmsprop,187,-1.1648287208909884,0,2979709,1011909,42.6893773202835,0.833150523118461
5,4979485,27003,0.7989300076513448,47,188,shared_rmsprop,234,-0.8959837795800464,0,3991618,987867,36.58360182201977,0.8963818834944265
6,5980178,32330,0.848009468303062,48,235,shared_rmsprop,282,-0.6974791215589234,0,4979485,1000693,30.952459016393444,0.9460253634395298
7,6988340,45458,0.9237190673345079,49,283,shared_rmsprop,331,-0.4978525965359966,0,5980178,1008162,22.177878481235425,0.9938624664525496
8,7984576,65119,1.0572334350723152,49,332,shared_rmsprop,380,-0.3502039855239383,0,6988340,996236,15.298699304350496,0.9999539304964756
9,8997519,82446,1.1874482770233106,50,381,shared_rmsprop,430,-0.2858222351599835,0,7984576,1012943,12.286138806006356,1.0
10,9988047,92454,1.227475746778461,49,431,shared_rmsprop,479,-0.2529351533375156,0,8997519,990528,10.713738724122265,0.9999891838103273
11,10997535,103274,1.3070451659036593,50,480,shared_rmsprop,529,-0.23438990775348423,0,9988047,1009488,9.774851366268374,1.0
12,11986277,107382,1.3312800061682033,49,530,shared_rmsprop,578,-0.22343595760928275,0,10997535,988742,9.207707064498706,1.0
13,12994746,115266,1.402942925648143,50,579,shared_rmsprop,628,-0.21474328943487236,0,11986277,1008469,8.749058699009248,1.0
14,13982424,117444,1.4098954803237898,49,629,shared_rmsprop,677,-0.20848163096170658,0,12994746,987678,8.409778277306632,1.0
15,14990276,123894,1.529529828533737,50,678,shared_rmsprop,727,-0.20374056316959122,0,13982424,1007852,8.134792645325843,1.0
16,15997832,127344,1.551505109355785,50,728,shared_rmsprop,777,-0.19973994325082717,0,14990276,1007556,7.912080663399925,0.9999607362734012
17,16985008,127903,1.5308570596632651,49,778,shared_rmsprop,826,-0.19637616005879455,0,15997832,987176,7.718161419200488,1.0
18,17992152,133648,1.597966511452881,50,827,shared_rmsprop,876,-0.19304927870226268,0,16985008,1007144,7.535795522566742,0.9999925176583263
19,18998989,136862,1.6006536572452428,50,877,shared_rmsprop,926,-0.19020107845859333,0,17992152,1006837,7.356585465651532,1.0
20,19985819,137033,1.6097495027124469,49,927,shared_rmsprop,975,-0.1880342691176578,0,18998989,986830,7.2014040413622995,0.9998686447789948
21,20992728,143392,1.6647771489878909,50,976,shared_rmsprop,1025,-0.18473973443427807,0,19985819,1006909,7.022072361080116,0.9998256527560813
22,21999236,146205,1.6788536987929708,50,1026,shared_rmsprop,1075,-0.1822967750760918,0,20992728,1006508,6.8842242057385175,0.9998290072158955
23,22985618,145137,1.6585457211500034,49,1076,shared_rmsprop,1124,-0.18159612412180676,0,21999236,986382,6.796213233014324,0.9994556866960183
24,23992337,150842,1.7218433907043396,50,1125,shared_rmsprop,1174,-0.17918141720033764,0,22985618,1006719,6.673996632237706,0.9994630142798425
25,24998511,153686,1.739648751382095,50,1175,shared_rmsprop,1224,-0.1761544100742206,0,23992337,1006174,6.546946371172391,0.9997917832463594
26,25984510,152513,1.7181932186081799,49,1225,shared_rmsprop,1273,-0.17498715956453983,0,24998511,985999,6.465016096988453,0.9996459318222053
27,26990768,158642,1.7775228617298935,50,1274,shared_rmsprop,1323,-0.1723043078125591,0,25984510,1006258,6.342948273471086,0.999754163462387
28,27996612,161194,1.799095209017396,50,1324,shared_rmsprop,1373,-0.17051585873750472,0,26990768,1005844,6.239959303696168,0.9997270369864883
29,28982876,158427,1.753925418597646,49,1374,shared_rmsprop,1422,-0.17205884518842537,0,27996612,986264,6.225353001697943,0.998807021530421
30,29988715,165388,1.828706523735697,50,1423,shared_rmsprop,1472,-0.16760325215049862,0,28982876,1005839,6.08169274675309,0.9995646600720729
31,30994966,166449,1.8192317126427466,50,1473,shared_rmsprop,1522,-0.16765245410506122,0,29988715,1006251,6.045401294090082,0.9991408779866505
32,31980444,165636,1.8101260751009816,49,1523,shared_rmsprop,1571,-0.165216700073253,0,30994966,985478,5.949660701779806,0.9994324905213843
33,32986053,171741,1.8623438836799728,50,1572,shared_rmsprop,1621,-0.16231777308078252,0,31980444,1005609,5.855381068003563,0.9997554457002114
1,990116,14182,0.5824375344486907,46,1,shared_rmsprop,46,-2.3497226531283766,1,0,990116,69.81497673106755,0.3401494852630094
2,1997164,15475,0.5918509348750942,47,47,shared_rmsprop,93,-2.08581152396338,1,990116,1007048,65.07579967689823,0.46003231017770596
3,2993214,20388,0.5860421432870336,47,94,shared_rmsprop,140,-1.4328191419789411,1,1997164,996050,48.8547184618403,0.7642240533647243
4,3983375,24903,0.5823794948801191,47,141,shared_rmsprop,187,-1.0295861275080642,1,2993214,990161,39.76071156085612,0.866000080311609
5,4985509,30254,0.5875031767961466,48,188,shared_rmsprop,235,-0.7754170247460389,1,3983375,1002134,33.12401665895419,0.9297283003900311
6,5998454,39308,0.5825232076551765,49,236,shared_rmsprop,284,-0.5828915233540246,1,4985509,1012945,25.76943624707439,0.9813015162307928
7,6999523,54854,0.5726780697486052,49,285,shared_rmsprop,333,-0.4159192280113271,1,5998454,1001069,18.249699201516755,0.9991249498669195
8,7993750,72718,0.5742172682202524,49,334,shared_rmsprop,382,-0.3153377889014183,1,6999523,994227,13.67236447647075,1.0
9,8984992,87009,0.5781939383694488,49,383,shared_rmsprop,431,-0.2669735314737556,1,7993750,991242,11.392407681963935,1.0
10,9994941,100110,0.5923988420019547,50,432,shared_rmsprop,481,-0.24061349182565844,1,8984992,1009949,10.088392767955249,1.0
11,10984083,106263,0.5836878686377571,49,482,shared_rmsprop,530,-0.2252944737741892,1,9994941,989142,9.308432850568872,1.0
12,11992736,114766,0.5977126417609139,50,531,shared_rmsprop,580,-0.21553944548036874,1,10984083,1008653,8.788778906644826,1.0
13,12980744,117263,0.5877485082293343,49,581,shared_rmsprop,629,-0.2089715710269508,1,11992736,988008,8.425573283985571,1.0
14,13988519,123650,0.6013947453339481,50,630,shared_rmsprop,679,-0.20427254346947027,1,12980744,1007775,8.150222401940962,1.0
15,14996177,127779,0.6038646682046561,50,680,shared_rmsprop,729,-0.19953096100819903,1,13988519,1007658,7.885943699668959,0.999992173987901
16,15983168,128340,0.5919261603316085,49,730,shared_rmsprop,778,-0.19618331515245963,1,14996177,986991,7.69043945769051,1.0
17,16990129,134859,0.6060628136894148,50,779,shared_rmsprop,828,-0.19219505804828252,1,15983168,1006961,7.466768995765948,0.9999925848478781
18,17997047,138952,0.6071882543428284,50,829,shared_rmsprop,878,-0.1883096321031723,1,16990129,1006918,7.246516782773908,0.999992803270194
19,18983406,140264,0.5970419907502623,49,879,shared_rmsprop,927,-0.18461116180915987,1,17997047,986359,7.032160782524382,0.9999786117606798
20,19989979,146938,0.6113587750432392,50,928,shared_rmsprop,977,-0.18110280072774457,1,18983406,1006573,6.8503246267133076,1.0
21,20996221,150550,0.612558922621732,50,978,shared_rmsprop,1027,-0.17812786449684492,1,19989979,1006242,6.683772832945865,0.9999933576884756
22,21981978,150789,0.6014488951209933,49,1028,shared_rmsprop,1076,-0.17541896292169853,1,20996221,985757,6.537326993348321,1.0
23,22987872,157164,0.6159198229697843,50,1077,shared_rmsprop,1126,-0.17299201258982125,1,21981978,1005894,6.4002825074444525,0.9999936372197196
24,23993829,160022,0.6167888662208699,50,1127,shared_rmsprop,1176,-0.1704927030866589,1,22987872,1005957,6.286366874554749,0.9999750034370274
25,24999414,163014,0.6175989429254292,50,1177,shared_rmsprop,1226,-0.16839300101013818,1,23993829,1005585,6.1687033015569215,0.999987731115119
26,25984856,162520,0.6060326996218,49,1227,shared_rmsprop,1275,-0.16614621790138648,1,24999414,985442,6.063512183115924,0.9999569283780457
27,26990224,168636,0.6200348249253713,50,1276,shared_rmsprop,1325,-0.1639155735825486,1,25984856,1005368,5.961763798951588,1.0
28,27995356,170698,0.620482323157808,50,1326,shared_rmsprop,1375,-0.16235212675797803,1,26990224,1005132,5.8883642456267795,1.0
29,28980404,169170,0.6099991353161426,49,1376,shared_rmsprop,1424,-0.16104342771571004,1,27995356,985048,5.822829106815629,1.0
30,29985561,174379,0.622364860474546,50,1425,shared_rmsprop,1474,-0.15971714866277859,1,28980404,1005157,5.764208993055356,1.0
31,30990498,176226,0.6229331030318928,50,1475,shared_rmsprop,1524,-0.15852295726321128,1,29985561,1004937,5.702546729767458,1.0
32,31995579,178218,0.6230965912217895,50,1525,shared_rmsprop,1574,-0.15705633923995704,1,30990498,1005081,5.63961552705114,1.0
33,32980389,175634,0.6120177967727392,49,1575,shared_rmsprop,1623,-0.15637101396464617,1,31995579,984810,5.607171732124759,1.0
34,33985457,180177,0.6258578500813908,50,1624,shared_rmsprop,1673,-0.15571465836372012,1,32980389,1005068,5.578225855686353,1.0
35,34990176,181385,0.6255480301623336,50,1674,shared_rmsprop,1723,-0.15465556688811094,1,33985457,1004719,5.539151528516691,1.0
36,35995146,182180,0.6341647961223498,50,1724,shared_rmsprop,1773,-0.15427324623998243,1,34990176,1004970,5.516357448677132,0.9999670655395763
37,36980032,179286,0.6392977020268639,49,1774,shared_rmsprop,1822,-0.1535834737049556,1,35995146,984886,5.493379293419452,1.0
38,37984833,183459,0.6528939177214892,50,1823,shared_rmsprop,1872,-0.153130127167378,1,36980032,1004801,5.476978507459433,1.0
39,38989777,184331,0.6526870441090109,50,1873,shared_rmsprop,1922,-0.15226847356114814,1,37984833,1004944,5.45184477922867,1.0
40,39994685,184821,0.6538306557563031,50,1923,shared_rmsprop,1972,-0.15177243567199253,1,38989777,1004908,5.437195989633213,1.0
1,989110,14048,0.5886923049581755,46,1,shared_rmsprop,46,-2.3481207289293824,2,0,989110,70.40931093394077,0.32218109339407747
2,1996467,15023,0.5981348124089547,47,47,shared_rmsprop,93,-2.2277163904235704,2,989110,1007357,67.0543167143713,0.4000532516807562
3,2997653,18042,0.5949959772535496,47,94,shared_rmsprop,140,-1.7323153382847416,2,1996467,1001186,55.49196319698481,0.6377896020396852
4,3987785,23615,0.5879594335777478,47,141,shared_rmsprop,187,-1.139673230291481,2,2997653,990132,41.92809654880373,0.8476815583315689
5,4994415,28515,0.5966587825191931,48,188,shared_rmsprop,235,-0.8476649716523466,2,3987785,1006630,35.301770997720496,0.9101525512887954
6,5991909,35073,0.5793523852816886,48,236,shared_rmsprop,283,-0.6469772569592943,2,4994415,997494,28.440509793858524,0.9659567188435548
7,6998001,47176,0.5803677927982062,49,284,shared_rmsprop,332,-0.48096383754451416,2,5991909,1006092,21.326352382567407,0.9959725284042733
8,7996108,61947,0.5788044398655701,49,333,shared_rmsprop,381,-0.3665065835848925,2,6998001,998107,16.11227339499895,0.9999354286728978
9,8989663,76283,0.5811311800550255,49,382,shared_rmsprop,430,-0.29993729489750887,2,7996108,993555,13.024592635318486,1.0
10,9980618,88117,0.5835359290050757,49,431,shared_rmsprop,479,-0.2618978176742286,2,8989663,990955,11.245900337051875,1.0
11,10990514,100862,0.5994305162711276,50,480,shared_rmsprop,529,-0.23807281235747854,2,9980618,1009896,10.012650948821161,1.0
12,11999699,109021,0.6014496594134511,50,530,shared_rmsprop,579,-0.22374756545375052,2,10990514,1009185,9.256794562515479,1.0
13,12988148,112525,0.5920571500357862,49,580,shared_rmsprop,628,-0.21515055913500702,2,11999699,988449,8.784261275272161,1.0
14,13996188,119984,0.6055237347503296,50,629,shared_rmsprop,678,-0.20847599124327687,2,12988148,1008040,8.401453527136951,0.9999916655554074
15,14983824,122143,0.5958289329185047,49,679,shared_rmsprop,727,-0.20287054245160727,2,13996188,987636,8.085899314737643,1.0
16,15991227,128620,0.6088140523640646,50,728,shared_rmsprop,777,-0.19859288342922304,2,14983824,1007403,7.832397760845903,1.0
17,16998339,131802,0.6105373201058764,50,778,shared_rmsprop,827,-0.19543760084571302,2,15991227,1007112,7.6410980106523425,0.9999241286171682
18,17985173,132940,0.599232738421609,49,828,shared_rmsprop,876,-0.19212953211975328,2,16998339,986834,7.423153302241613,0.9997893786670679
19,18991820,140578,0.6139862214209926,50,877,shared_rmsprop,926,-0.1867297870221514,2,17985173,1006647,7.160771955782555,0.9999715460456117
20,19998452,144831,0.6160155205087116,50,927,shared_rmsprop,976,-0.18298729783909062,2,18991820,1006632,6.95039045508213,0.999986190801693
21,20984511,146150,0.6057497623681816,49,977,shared_rmsprop,1025,-0.17951157486600525,2,19998452,986059,6.746897023605884,0.9999657885733835
22,21990512,153047,0.6192223362878172,50,1026,shared_rmsprop,1075,-0.17655578569546174,2,20984511,1006001,6.573150731474645,0.9999215927133495
23,22996339,156578,0.6209712161516978,50,1076,shared_rmsprop,1125,-0.1737416282406639,2,21990512,1005827,6.423807942367382,0.999878654727995
24,23981780,156749,0.6090807583979848,49,1126,shared_rmsprop,1174,-0.17104489768143127,2,22996339,985441,6.28674505100511,0.9999744814958947
25,24987278,162853,0.6227499856479052,50,1175,shared_rmsprop,1224,-0.16887550940623344,2,23981780,1005498,6.174267591017666,0.9999508759433354
26,25992802,165779,0.6236623565821598,50,1225,shared_rmsprop,1274,-0.1663802411644418,2,24987278,1005524,6.065448579132459,0.999969839364455
27,26998211,168094,0.6255201926842953,50,1275,shared_rmsprop,1324,-0.16474690748430443,2,25992802,1005409,5.981230739943127,0.9999464585291563
28,27983452,166959,0.6136517802667286,49,1325,shared_rmsprop,1373,-0.16296725543396884,2,26998211,985241,5.9010954785306575,0.999946094550159
29,28988584,173023,0.6286208525196546,50,1374,shared_rmsprop,1423,-0.16074799304138757,2,27983452,1005132,5.809239234090265,0.9999942204215625
30,29993675,175301,0.6282165503289757,50,1424,shared_rmsprop,1473,-0.15914607826918653,2,28988584,1005091,5.7335154962036725,0.999988591051962
31,30998946,176718,0.6286911402316764,50,1474,shared_rmsprop,1523,-0.15820346540816443,2,29993675,1005271,5.68856030511889,0.9999773650675087
32,31983810,174513,0.6161398021892334,49,1524,shared_rmsprop,1572,-0.1571040552852796,2,30998946,984864,5.643499338158189,0.9999885395357366
33,32988795,178989,0.6302622244124197,50,1573,shared_rmsprop,1622,-0.15662340516270087,2,31983810,1004985,5.614786383520775,0.9999273698383699
34,33993807,180814,0.6315941836286543,50,1623,shared_rmsprop,1672,-0.15471617242027721,2,32988795,1005012,5.558264293694072,1.0
35,34998824,181898,0.631790306598155,50,1673,shared_rmsprop,1722,-0.15398914043401615,2,33993807,1005017,5.525167951269393,0.999989004826881
36,35983677,178906,0.6340051943239653,49,1723,shared_rmsprop,1771,-0.15336247340316517,2,34998824,984853,5.504862888891373,1.0
37,36988503,183096,0.6584805627012005,50,1772,shared_rmsprop,1821,-0.152775137996825,2,35983677,1004826,5.487973522086774,1.0
38,37993470,183697,0.6589031306509342,50,1822,shared_rmsprop,1871,-0.1524020533813835,2,36988503,1004967,5.470786131510041,0.9999074563003206
39,38998327,184596,0.6584958912809897,50,1872,shared_rmsprop,1921,-0.15162887242049303,2,37993470,1004857,5.443546989100522,0.9999891655290473
40,39983052,181554,0.6461012581394364,49,1922,shared_rmsprop,1970,-0.15076561243486788,2,38998327,984725,5.4238683807572405,1.0
1,989334,13870,0.9190573969359199,46,1,banked_rmsprop,46,-2.4193330930064865,0,0,989334,71.32905551550108,0.2968276856524874
2,1998910,14565,0.9521428203236104,47,47,banked_rmsprop,93,-2.28094175534958,0,989334,1009576,69.315207689667,0.35942327497425336
3,2983712,15668,0.9415364960951006,46,94,banked_rmsprop,139,-1.9943685643774982,0,1998910,984802,62.85435282103651,0.5083609905539954
4,3982359,18593,0.9824053072135172,47,140,banked_rmsprop,186,-1.5859794904892512,0,2983712,998647,53.71091270908406,0.6883235626310977
5,4997880,22953,1.0113496691086847,48,187,banked_rmsprop,234,-1.163866016061807,0,3982359,1015521,44.24349758201542,0.8076504160676165
6,5985794,26279,0.7606105608578461,47,235,banked_rmsprop,281,-0.8736088384895414,0,4997880,987914,37.593287415807296,0.8693253167928764
7,6990986,31124,0.7663128017543608,48,282,banked_rmsprop,329,-0.7057174527695667,0,5985794,1005192,32.296362935355354,0.9170093818275286
8,7990626,35011,0.7699903575535346,48,330,banked_rmsprop,377,-0.6065998305294524,0,6990986,999640,28.552169318214276,0.949073148439062
9,8986498,39547,0.9259349924292312,48,378,banked_rmsprop,425,-0.5345104137692703,0,7990626,995872,25.18198599135206,0.9716792677067793
10,9994919,48181,0.7669920192816708,49,426,banked_rmsprop,474,-0.45085061192863024,0,8986498,1008421,20.92984786534111,0.9909922998692431
11,10996618,56685,0.7595981947011832,49,475,banked_rmsprop,523,-0.3886304430919409,0,9994919,1001699,17.67132398341713,0.9974243627061833
12,11995702,62165,0.7583745913442949,49,524,banked_rmsprop,572,-0.3537738277165608,0,10996618,999084,16.071487171237834,0.9986326711171881
13,12992243,69315,0.7575943019667951,49,573,banked_rmsprop,621,-0.3203183534107577,0,11995702,996541,14.376989107696748,0.998946836903989
14,13986260,78060,1.249007895753926,49,622,banked_rmsprop,670,-0.2900572209411564,0,12992243,994017,12.734012298232129,0.9997822188060467
15,14998801,87432,1.4418265655222866,50,671,banked_rmsprop,720,-0.26817583950956175,0,13986260,1012541,11.58089715435996,0.9999428127001555
16,15989458,93082,1.4647043830557311,49,721,banked_rmsprop,769,-0.25025103313923924,0,14998801,990657,10.6428417954062,0.9999355407060442
17,16999568,101886,1.537949728189657,50,770,banked_rmsprop,819,-0.2371186096879519,0,15989458,1010110,9.914119702412501,0.9999607404353885
18,17988897,104544,1.1986498372722416,49,820,banked_rmsprop,868,-0.228668790174472,0,16999568,989329,9.46327861952862,0.9999330425466789
19,18997834,110599,0.7367328473550474,50,869,banked_rmsprop,918,-0.2218819036941262,0,17988897,1008937,9.122478503422274,0.9999095832692881
20,19986630,111565,0.7081835783467008,49,919,banked_rmsprop,967,-0.21714486323369037,0,18997834,988796,8.862958813247882,0.9998028055393716
21,20994867,116834,0.722944317114436,50,968,banked_rmsprop,1017,-0.21282802951195712,0,19986630,1008237,8.62965403906397,0.9999572042384922
22,21983113,117169,0.6740688848937861,49,1018,banked_rmsprop,1066,-0.20934519084968436,0,20994867,988246,8.434364038269509,0.9999487919159504
23,22990839,122030,0.6633269135651385,50,1067,banked_rmsprop,1116,-0.20586249282963204,0,21983113,1007726,8.258018520036057,0.9999918052937802
24,23998782,123930,0.6672309660210481,50,1117,banked_rmsprop,1166,-0.2040023938244708,0,22990839,1007943,8.133163882837085,0.9999112402162511
25,24986360,123672,0.6496390207034225,49,1167,banked_rmsprop,1215,-0.2013580276861375,0,23998782,987578,7.98546154343748,0.9998948832395368
26,25993993,128617,0.670521584064441,50,1216,banked_rmsprop,1265,-0.19880018452718795,0,24986360,1007633,7.834368707091597,0.9999300248023201
27,26981280,128386,0.6598121962406569,49,1266,banked_rmsprop,1314,-0.19593971824549922,0,25993993,987287,7.689989562724907,0.9998597977972676
28,27988821,132840,0.6748063405794609,50,1315,banked_rmsprop,1364,-0.19494567399377696,0,26981280,1007541,7.584620596205962,0.9997139415838603
29,28996666,134736,0.6697543494739673,50,1365,banked_rmsprop,1414,-0.19390821062423308,0,27988821,1007845,7.480146360289752,0.9992503859399121
30,29983423,135158,0.6577051647054032,49,1415,banked_rmsprop,1463,-0.18943952016652116,0,28996666,986757,7.300766510306456,0.9998224300448364
31,30990488,140136,0.6745105814398267,50,1464,banked_rmsprop,1513,-0.18780006565051094,0,29983423,1007065,7.186340412171034,0.9995932522692241
32,31997215,143754,0.6733375383659991,50,1514,banked_rmsprop,1563,-0.18377772676470452,0,30990488,1006727,7.00312339134911,0.9999165240619391
33,32983483,144019,0.6617812793650147,49,1564,banked_rmsprop,1612,-0.18130617025068452,0,31997215,986268,6.8481797540602285,0.9998472423777418
34,33989836,150181,0.6793651421826022,50,1613,banked_rmsprop,1662,-0.17829097333661828,0,32983483,1006353,6.700934206058023,0.9998135583063104
35,34996078,153019,0.6809733977057557,50,1663,banked_rmsprop,1712,-0.1762127578928107,0,33989836,1006242,6.575928479469869,0.9997255242812984
36,35981752,153427,1.1217220633037182,49,1713,banked_rmsprop,1761,-0.1726147722804113,0,34996078,985674,6.424384234847843,0.9999543756965853
37,36987499,159081,1.9573596078612738,50,1762,banked_rmsprop,1811,-0.17063885693451764,0,35981752,1005747,6.322232070454674,0.9999685694708985
38,37993254,161144,1.9876468610370324,50,1812,banked_rmsprop,1861,-0.16886997550844793,0,36987499,1005755,6.241343146502507,0.9999317380727796
39,38999162,162635,1.9944620942091569,50,1862,banked_rmsprop,1911,-0.16798680070915445,0,37993254,1005908,6.18506471546715,0.9998093891228825
40,39984768,160726,1.9628407152535188,49,1912,banked_rmsprop,1960,-0.16627604328691895,0,38999162,985606,6.132212585393776,0.9999751129251023
1,988729,14094,0.9547338400796677,46,1,banked_rmsprop,46,-2.324570739321695,1,0,988729,70.15247623102029,0.3382290336313325
2,1997648,14664,0.9898300219063336,47,47,banked_rmsprop,93,-2.343614748136022,1,988729,1008919,68.80244135297326,0.3508592471358429
3,2982399,15117,0.9667560542416241,46,94,banked_rmsprop,139,-2.120145090516194,1,1997648,984751,65.14195938347555,0.45974730435933053
4,3979533,19358,1.041158060994413,47,140,banked_rmsprop,186,-1.5298515686882246,1,2982399,997134,51.51017667114371,0.7185143093294761
5,4993915,23936,1.0200502226180914,48,187,banked_rmsprop,234,-1.0680885138146163,1,3979533,1014382,42.37892713903744,0.8205631684491979
6,5980336,27384,0.8108477668991934,47,235,banked_rmsprop,281,-0.826372455935339,1,4993915,986421,36.021801051709026,0.8836912065439673
7,6983511,32189,0.8146988752642129,48,282,banked_rmsprop,329,-0.6805005850860023,1,5980336,1003175,31.165149585262046,0.9271490260648048
8,7980512,37766,0.9679507918358367,48,330,banked_rmsprop,377,-0.5698472170735582,1,6983511,997001,26.399433352751153,0.9627177884869988
9,8987414,47828,0.8565091035295175,49,378,banked_rmsprop,426,-0.4570464302640016,1,7980512,1006902,21.052563352011376,0.9916576064230158
10,9987241,59428,0.8229345060802168,49,427,banked_rmsprop,475,-0.37086558524601204,1,8987414,999827,16.824173790132598,0.998081712324157
11,10984250,68156,0.8315160242367226,49,476,banked_rmsprop,524,-0.32577371520237886,1,9987241,997009,14.628337930629732,0.9991930277598451
12,11999003,76533,0.8448565569920983,50,525,banked_rmsprop,574,-0.29677023854633516,1,10984250,1014753,13.259025518403826,0.9995296146760221
13,12992565,78820,1.2124339060079203,49,575,banked_rmsprop,623,-0.2836928021652711,1,11999003,993562,12.60545546815529,0.9990104034509008
14,13984502,84387,1.4774350854539726,49,624,banked_rmsprop,672,-0.2675516766010563,1,12992565,991937,11.754618602391364,0.9997629966701033
15,14995858,90884,1.51559582592816,50,673,banked_rmsprop,722,-0.2561213561609671,1,13984502,1011356,11.127987324501563,0.9996919149685313
16,15986288,93021,1.5125144451698807,49,723,banked_rmsprop,771,-0.24790351999369317,1,14995858,990430,10.64738069898195,0.9999139979144495
17,16996693,99158,1.2975101424427704,50,772,banked_rmsprop,821,-0.23951589046437674,1,15986288,1010405,10.189848524576938,0.9999193206801267
18,17986751,101533,0.7583257636368378,49,822,banked_rmsprop,870,-0.2319431449216839,1,16996693,990058,9.751095702874927,0.9997143785764234
19,18995823,108813,0.7473513440174672,50,871,banked_rmsprop,920,-0.2242608879453742,1,17986751,1009072,9.273450782535175,0.999898909137695
20,19984587,110380,0.7416884180559363,49,921,banked_rmsprop,969,-0.21844265265446638,1,18995823,988764,8.957818445370538,0.9998822250407683
21,20993031,116444,0.705183781843322,50,970,banked_rmsprop,1019,-0.2132177985412158,1,19984587,1008444,8.6603345814297,0.9998883583525128
22,21981486,116634,0.6791554767369397,49,1020,banked_rmsprop,1068,-0.21038033506524684,1,20993031,988455,8.474844384999228,0.9997856542689095
23,22989651,121524,0.7024891321177388,50,1069,banked_rmsprop,1118,-0.20743145386919454,1,21981486,1008165,8.296015601856423,0.9997037622198084
24,23997795,123885,0.6990949395886208,50,1119,banked_rmsprop,1168,-0.2044381213760073,1,22989651,1008144,8.137740646567382,0.9996690479073335
25,24985032,124492,0.6748843638875729,49,1169,banked_rmsprop,1217,-0.2003199670126059,1,23997795,987237,7.930124024033673,0.9999518041319925
26,25992236,131488,0.7147481205749014,50,1218,banked_rmsprop,1267,-0.1950248945404397,1,24985032,1007204,7.660045023119981,0.9999695789729861
27,26999292,136198,0.7029020673786808,50,1268,banked_rmsprop,1317,-0.19033894281364874,1,25992236,1007056,7.3940586499067535,0.9999559464896695
28,27986007,138252,0.6875092124995879,49,1318,banked_rmsprop,1366,-0.18600647127467715,1,26999292,986715,7.137075774672337,0.9999349014842461
29,28992686,143686,0.7072079603221371,50,1367,banked_rmsprop,1416,-0.1837033531450524,1,27986007,1006679,7.006103586988294,0.9999512826580181
30,29999109,146781,0.7047360505117104,50,1417,banked_rmsprop,1466,-0.18086877729406395,1,28992686,1006423,6.856629945292647,0.9999659356456218
31,30985628,146396,0.6975770699390624,49,1467,banked_rmsprop,1515,-0.17894136451815623,1,29999109,986519,6.738701877100468,0.9998428918822919
32,31991623,152789,0.7032774076678066,50,1516,banked_rmsprop,1565,-0.17596587450667261,1,30985628,1005995,6.584210905235325,0.9999738201048505
33,32997698,155621,0.6989732888291796,50,1566,banked_rmsprop,1615,-0.17367354020344297,1,31991623,1006075,6.4649051220593625,0.9998650567725436
34,33983858,154436,0.7971290514584527,49,1616,banked_rmsprop,1664,-0.17261810717708306,1,32997698,986160,6.385557771504053,0.9996309150716154
35,34989779,160664,1.9629901039214908,50,1665,banked_rmsprop,1714,-0.16961630068548855,1,33983858,1005921,6.261023004531196,0.9999688791515212
36,35995469,162831,2.007123676651261,50,1715,banked_rmsprop,1764,-0.16820302440362503,1,34989779,1005690,6.176280929307073,0.9999201626225964
37,36980896,161674,1.9731950373329326,49,1765,banked_rmsprop,1813,-0.16639348318220618,1,35995469,985427,6.095148261315981,0.9999505177084751
38,37986707,165826,2.004842054980755,50,1814,banked_rmsprop,1863,-0.16624212527991186,1,36980896,1005811,6.06546018115374,0.9995718403627899
39,38992356,168318,1.0993971102255293,50,1864,banked_rmsprop,1913,-0.16381987270127576,1,37986707,1005649,5.974696705046401,0.999899000701054
40,39997512,170122,0.5785717431098844,50,1914,banked_rmsprop,1963,-0.16235672047119126,1,38992356,1005156,5.908442176790774,0.9999470967893629
1,989847,14054,0.8163179945123071,46,1,banked_rmsprop,46,-2.3399637113988874,2,0,989847,70.43169204496941,0.3302974242208624
2,1998857,14757,0.8391699993900127,47,47,banked_rmsprop,93,-2.312782634230081,2,989847,1009010,68.37500847055635,0.3634207494748255
3,2981368,15908,0.828199670153877,46,94,banked_rmsprop,139,-1.935892842175843,2,1998857,982511,61.762069399044506,0.5257103344229319
4,3980138,19292,0.8934939939632184,47,140,banked_rmsprop,186,-1.4912692653258683,2,2981368,998770,51.771200497615595,0.7107091022185362
5,4992065,24381,0.8152398193513768,48,187,banked_rmsprop,234,-1.0651511422829247,2,3980138,1011927,41.50473729543497,0.8309749395020712
6,5995462,30510,0.6559976808416347,48,235,banked_rmsprop,282,-0.7815825412433081,2,4992065,1003397,32.887479514913146,0.9268108816781383
7,6989278,38694,0.653690920398674,48,283,banked_rmsprop,330,-0.5883612446374115,2,5995462,993816,25.68398201271515,0.9784462707396495
8,7994421,49469,0.6588473117398098,49,331,banked_rmsprop,379,-0.46013328212281096,2,6989278,1005143,20.318643999272272,0.9968667246154157
9,8994738,59307,0.6545654589574164,49,380,banked_rmsprop,428,-0.3836854559045869,2,7994421,1000317,16.866761090596388,0.9994772961033268
10,9991771,66705,0.652538833676113,49,429,banked_rmsprop,477,-0.338817929690428,2,8994738,997033,14.946900532193988,0.9996102241211303
11,10986291,74542,0.6482001110859629,49,478,banked_rmsprop,526,-0.30445699516156444,2,9991771,994520,13.34174022698613,0.9998792626975397
12,11999534,82078,0.6578550731013012,50,527,banked_rmsprop,576,-0.28429420794853677,2,10986291,1013243,12.344879261190576,0.9999390823363142
13,12992044,85863,0.6462460798785711,49,577,banked_rmsprop,625,-0.2680118328034194,2,11999534,992510,11.559228072627326,0.9999767070798831
14,13983415,90797,0.6480570363693147,49,626,banked_rmsprop,674,-0.2550484413949066,2,12992044,991371,10.918543564214676,0.9999449321012809
15,14993998,99131,0.6617331054144435,50,675,banked_rmsprop,724,-0.2415702454328111,2,13983415,1010583,10.19441950550282,1.0
16,15983271,102996,0.8494636570708827,49,725,banked_rmsprop,773,-0.23054034460885212,2,14993998,989273,9.604965241368596,1.0
17,16992287,109745,1.5330303722578618,50,774,banked_rmsprop,823,-0.22319543790909227,2,15983271,1009016,9.194186523304023,0.9999908879675612
18,17980863,111135,1.5367518212185758,49,824,banked_rmsprop,872,-0.21809975855191133,2,16992287,988576,8.895271516623925,1.0
19,18989095,116858,1.580226594212258,50,873,banked_rmsprop,922,-0.21306671344708963,2,17980863,1008232,8.627838915606976,1.0
20,19997446,119607,1.6061835546212064,50,923,banked_rmsprop,972,-0.2095390180619306,2,18989095,1008351,8.430535002131982,0.9999916392853261
21,20985308,119471,0.7153211759672397,49,973,banked_rmsprop,1021,-0.20660174156629366,2,19997446,987862,8.268634229227176,1.0
22,21993024,124118,0.8372640243684873,50,1022,banked_rmsprop,1071,-0.20423790264103514,2,20985308,1007716,8.119015775310592,0.9999838863017451
23,22980411,123786,0.5778701866309469,49,1072,banked_rmsprop,1120,-0.20155012144615167,2,21993024,987387,7.97656439338859,0.9999515292520964
24,23988091,127672,0.5865821219996239,50,1121,banked_rmsprop,1170,-0.19993551183240385,2,22980411,1007680,7.892725108089479,0.9999530045742214
25,24995901,129189,0.6412591679689164,50,1171,banked_rmsprop,1220,-0.1983856984727802,2,23988091,1007810,7.801051173087492,0.9998993722375744
26,25983001,129528,0.6689547054319539,49,1221,banked_rmsprop,1269,-0.19513631544273569,2,24995901,987100,7.620746093508739,0.9998919152615651
27,26990209,133981,0.7306916846024494,50,1270,banked_rmsprop,1319,-0.19338077787148922,2,25983001,1007208,7.517543532291892,0.9998731163373912
28,27997300,136023,0.7318697107945465,50,1320,banked_rmsprop,1369,-0.19136886163859543,2,26990209,1007091,7.403828764253104,0.9998309109488837
29,28984179,135749,0.765656910297047,49,1370,banked_rmsprop,1418,-0.1888530793351455,2,27997300,986879,7.269880441108222,0.9998084700439782
30,29991055,140687,0.7375908847867201,50,1419,banked_rmsprop,1468,-0.1871118155906374,2,28984179,1006876,7.156851734701856,0.9998294085452103
31,30997745,142803,0.7324916979028947,50,1469,banked_rmsprop,1518,-0.18529407645497642,2,29991055,1006690,7.049501761167482,0.9998249336498533
32,31984361,142249,0.720168855414312,49,1519,banked_rmsprop,1567,-0.18360714896648367,2,30997745,986616,6.935837861777587,0.9997539525761165
33,32990635,147729,0.7352342183970743,50,1568,banked_rmsprop,1617,-0.18108586217556022,2,31984361,1006274,6.811621279505039,0.9998849244224222
34,33997128,150286,0.7374707306078118,50,1618,banked_rmsprop,1667,-0.1789158670801006,2,32990635,1006493,6.697184035771795,0.9997737646886603
35,34983239,149721,0.7213178992793999,49,1668,banked_rmsprop,1716,-0.1765049659032467,2,33997128,986111,6.586323895779483,0.9999131718329426
36,35989231,154843,0.7365418106643483,50,1717,banked_rmsprop,1766,-0.17470879105502563,2,34983239,1005992,6.496851649735539,0.9999031276841704
37,36994981,157160,0.7383353329827596,50,1767,banked_rmsprop,1816,-0.17244061253923815,2,35989231,1005750,6.399529142275388,0.9999490964622041
38,37980775,156754,0.7247894593887031,49,1817,banked_rmsprop,1865,-0.16983468789738487,2,36994981,985794,6.288796458144609,0.9999170675070492
39,38986401,161584,0.7399681952875108,50,1866,banked_rmsprop,1915,-0.16903684770769384,2,37980775,1005626,6.223549361322903,0.9999504901475393
40,39991950,163829,0.741517679385013,50,1916,banked_rmsprop,1965,-0.16687898153969485,2,38986401,1005549,6.1377961166826385,0.9998596097150078
1,989198,14151,1.5110175928282035,46,1,pcp_real,46,-2.317220220008006,0,0,989198,69.90304572115045,0.3141120768850258
2,1979552,14568,1.4514583888153234,46,47,pcp_real,92,-2.2032662914149714,0,989198,990354,67.98146622734761,0.3689593629873696
3,2993451,23624,1.4141663793598611,48,93,pcp_real,140,-1.4040996444293932,0,1979552,1013899,42.91817643074839,0.7896630545208263
4,3981929,153907,1.2717918857368122,49,141,pcp_real,189,-0.18465361116345153,0,2993451,988478,6.422566874801016,0.9989279240060556
5,4986542,193121,1.2877554198747707,50,190,pcp_real,239,-0.1419066284868036,0,3981929,1004613,5.201987355077905,1.0
6,5991018,195548,1.2954989802920156,50,240,pcp_real,289,-0.13804871438214658,0,4986542,1004476,5.136723464315667,1.0
7,6995261,195760,1.2975783354654493,50,290,pcp_real,339,-0.13724586228034327,0,5991018,1004243,5.12997037188394,1.0
8,7999670,196368,1.2974655718030408,50,340,pcp_real,389,-0.13654482060892473,0,6995261,1004409,5.1149321681740405,1.0
9,8984081,192036,1.2636854122651533,49,390,pcp_real,438,-0.1367284432779965,0,7999670,984411,5.1261794663500595,1.0
10,9988683,196460,1.2893857787652976,50,439,pcp_real,488,-0.136222386236384,0,8984081,1004602,5.113519291458821,1.0
11,10993085,196343,1.2911806324041553,50,489,pcp_real,538,-0.13603362483001685,0,9988683,1004402,5.115547791365111,1.0
12,11997560,196211,1.2999785116920248,50,539,pcp_real,588,-0.13628636179079326,0,10993085,1004475,5.119361299825188,1.0
13,12981972,192368,1.2731738356438775,49,589,pcp_real,637,-0.13611827330949014,0,11997560,984412,5.117337602927722,1.0
14,13986439,196261,1.2969454592699186,50,638,pcp_real,687,-0.13617453289242387,0,12981972,1004467,5.118016315009095,1.0
15,14990893,196285,1.2988476605051094,50,688,pcp_real,737,-0.136196771701013,0,13986439,1004454,5.117324298851161,1.0
16,15995487,196085,1.2985383359849867,50,738,pcp_real,787,-0.13624270086952087,0,14990893,1004594,5.123257770864676,1.0
17,16979934,192279,1.2718417053395468,49,788,pcp_real,836,-0.136144872815024,0,15995487,984447,5.11988828733247,1.0
18,17984403,196389,1.2970157378503224,50,837,pcp_real,886,-0.13589881985922497,0,16979934,1004469,5.1146907413348,1.0
19,18989046,196292,1.2980791355152097,50,887,pcp_real,936,-0.1360626855229284,0,17984403,1004643,5.118104660403888,0.9999949055488762
20,19993507,195921,1.297863608651484,50,937,pcp_real,986,-0.1362422438976254,0,18989046,1004461,5.126867461885148,1.0
21,20998004,196233,1.2973505487324049,50,987,pcp_real,1036,-0.1359562356993982,0,19993507,1004497,5.118899471546579,1.0
22,21982487,192259,1.2708374503348023,49,1037,pcp_real,1085,-0.13609280536498508,0,20998004,984483,5.120608137980537,0.9999895973660531
23,22987044,196224,1.2974214078398008,50,1086,pcp_real,1135,-0.1359480321809089,0,21982487,1004557,5.119440027723418,1.0
24,23991463,196340,1.2457823983186649,50,1136,pcp_real,1185,-0.13586609962310278,0,22987044,1004419,5.1157125394723435,1.0
25,24992615,58731,1.2385641251483726,46,1186,pcp_real,1231,-0.4184346143149837,0,23991463,1001152,17.04639798402888,0.8408847116514276
26,25995407,28994,1.2616046623657975,46,1232,pcp_real,1277,-0.6782041111954189,0,24992615,1002792,34.58619024625785,0.6248189280540801
27,26988900,102135,1.2161561567087968,48,1278,pcp_real,1325,-0.23839069205789712,0,25995407,993493,9.727253145346845,0.9525725755128017
28,27993488,194051,1.1260145962497012,50,1326,pcp_real,1375,-0.13935297078259495,0,26988900,1004588,5.176927714879078,0.9999639270088791
29,28997826,195928,1.1262810794067466,50,1376,pcp_real,1425,-0.13653484953656445,0,27993488,1004338,5.126056510554898,1.0
30,29982234,192526,1.0903674786501667,49,1426,pcp_real,1474,-0.13588796664692906,0,28997826,984408,5.113117189366631,1.0
31,30986702,196286,1.1114279475176914,50,1475,pcp_real,1524,-0.13596529214173875,0,29982234,1004468,5.117369552591627,1.0
32,31991198,196426,1.1113209261626211,50,1525,pcp_real,1574,-0.13566220018395395,0,30986702,1004496,5.113864763320538,1.0
33,32995749,196540,1.110953095505635,50,1575,pcp_real,1624,-0.13569392150876836,0,31991198,1004551,5.111178386079169,1.0
34,33980267,192407,1.0888063435520356,49,1625,pcp_real,1673,-0.13584918081635977,0,32995749,984518,5.116851258010364,1.0
35,34984785,196425,1.1111485520626108,50,1674,pcp_real,1723,-0.13574069831572697,0,33980267,1004518,5.11400280005091,1.0
36,35989293,196301,1.111628729229172,50,1724,pcp_real,1773,-0.13594904423988333,0,34984785,1004508,5.117182286386722,1.0
1,989569,14288,1.6191483144053362,46,1,pcp_real,46,-2.2591055431130993,1,0,989569,69.25874860022397,0.333496640537514
2,1995545,16471,1.6509772797792943,47,47,pcp_real,93,-1.967715985671785,1,989569,1005976,61.075587396029384,0.5362758788173153
3,2991044,122541,1.5137241393964116,49,94,pcp_real,142,-0.24232515375806193,1,1995545,995499,8.123803461698534,0.9960094988616055
4,3995722,192343,1.4616256558212142,50,143,pcp_real,192,-0.1434905351377487,1,2991044,1004678,5.223366589894096,1.0
5,4979980,191125,1.310109708362466,49,193,pcp_real,241,-0.14057414432090692,1,3995722,984258,5.149812949640288,1.0
6,5984510,195532,1.3200601295035126,50,242,pcp_real,291,-0.14003257778777897,1,4979980,1004530,5.137419961949962,1.0
7,6989035,195693,1.2954906785027642,50,292,pcp_real,341,-0.1397356233147498,1,5984510,1004525,5.133167767881324,1.0
8,7993614,195753,1.287909464310958,50,342,pcp_real,391,-0.13958338654665148,1,6989035,1004579,5.131870265078952,1.0
9,8998262,195767,1.2894297630940046,50,392,pcp_real,441,-0.1387023859996833,1,7993614,1004648,5.131855726450321,1.0
10,9982761,192208,1.1119419077835564,49,442,pcp_real,490,-0.13687879796886707,1,8998262,984499,5.12205007075668,1.0
11,10987250,196426,0.9742035738327023,50,491,pcp_real,540,-0.13626497171114482,1,9982761,1004489,5.1138291264903835,1.0
12,11991683,196244,0.9728326611914154,50,541,pcp_real,590,-0.1363202611714668,1,10987250,1004433,5.11828641894784,1.0
13,12996089,196077,1.170107768452209,50,591,pcp_real,640,-0.13633623525451735,1,11991683,1004406,5.122507994308358,1.0
14,13980464,192359,1.185420305363627,49,641,pcp_real,689,-0.13619421671631343,1,12996089,984375,5.117384681766905,1.0
15,14984970,196295,1.269195592167477,50,690,pcp_real,739,-0.13621657878872787,1,13980464,1004506,5.117328510659976,1.0
16,15989423,196255,0.9809316075960588,50,740,pcp_real,789,-0.13600799979618353,1,14984970,1004453,5.118101449644595,1.0
17,16993854,196207,0.9824010641738359,50,790,pcp_real,839,-0.13601723349999406,1,15989423,1004431,5.11924141340523,0.9999949033418787
18,17998334,196228,0.9797056201017565,50,840,pcp_real,889,-0.13597762127049487,1,16993854,1004480,5.118943270073588,1.0
19,18982963,192427,0.9592845940232898,49,890,pcp_real,938,-0.1359980667993577,1,17998334,984629,5.116896277549408,1.0
20,19987561,196381,0.9827361831296649,50,939,pcp_real,988,-0.13591980215329724,1,18982963,1004598,5.115555985558684,0.9999847235730545
21,20992110,196209,0.9780951515342006,50,989,pcp_real,1038,-0.13595052554503956,1,19987561,1004549,5.119790631418538,1.0
22,21996574,196371,0.9781398143205378,50,1039,pcp_real,1088,-0.13581121109192973,1,20992110,1004464,5.115134108396861,1.0
23,22980970,192371,0.9613379799610832,49,1089,pcp_real,1137,-0.13589808235128997,1,21996574,984396,5.1171746261130835,1.0
24,23985357,196433,0.9784156947417392,50,1138,pcp_real,1187,-0.1357495091625813,1,22980970,1004387,5.113127631304312,1.0
25,24989777,196144,0.9778017871883802,50,1188,pcp_real,1237,-0.13607494153954916,1,23985357,1004420,5.120829594583571,1.0
26,25994283,196418,0.9773882595734257,50,1238,pcp_real,1287,-0.13570752171389588,1,24989777,1004506,5.114123960125854,1.0
27,26998804,196254,0.9766302379355248,50,1288,pcp_real,1337,-0.13587943855072168,1,25994283,1004521,5.1184740183639565,1.0
28,27983145,192348,0.961557364695602,49,1338,pcp_real,1386,-0.13584977921960892,1,26998804,984341,5.117500571880134,1.0
29,28987708,196594,0.9788247020408097,50,1387,pcp_real,1436,-0.13567962399666317,1,27983145,1004563,5.109835498540138,1.0
30,29992230,196398,0.977752372433121,50,1437,pcp_real,1486,-0.13567364908671847,1,28987708,1004522,5.114726219207935,1.0
31,30996838,196399,0.977679954674095,50,1487,pcp_real,1536,-0.13583088508597296,1,29992230,1004608,5.115138060784424,1.0
32,31981254,192335,0.9574197742544736,49,1537,pcp_real,1585,-0.13586788676008008,1,30996838,984416,5.118236410429719,1.0
33,32985786,196576,0.9794412876903597,50,1586,pcp_real,1635,-0.13556715977535405,1,31981254,1004532,5.11014569428618,1.0
34,33990332,196133,0.9754590911961472,50,1636,pcp_real,1685,-0.135962756564848,1,32985786,1004546,5.12175921441063,1.0
35,34994918,196294,0.9721628819116288,50,1686,pcp_real,1735,-0.13587374040979347,1,33990332,1004586,5.117762132311737,0.999989811201565
36,35999512,196232,0.9738522256450314,50,1736,pcp_real,1785,-0.1358421834019596,1,34994918,1004594,5.119419870357536,1.0
37,36983982,192488,0.9540569309315955,49,1786,pcp_real,1834,-0.13570283169167255,1,35999512,984470,5.1144486929055315,0.999994804870953
38,37988460,196436,0.9737522184667695,50,1835,pcp_real,1884,-0.13566377853346637,1,36983982,1004478,5.113512798061455,1.0
39,38992973,196298,0.9728102504834533,50,1885,pcp_real,1934,-0.13577647250608768,1,37988460,1004513,5.117285963178433,1.0
40,39997335,196453,0.9731743326286475,50,1935,pcp_real,1984,-0.13559350073554488,1,38992973,1004362,5.112479829781169,1.0
1,991784,13977,1.6227241407231325,46,1,pcp_real,46,-2.3808006009873335,2,0,991784,70.95828861701366,0.27459397581741435
2,1980870,14670,1.6255063706595037,46,47,pcp_real,92,-2.1939297886843874,2,991784,989086,67.4223585548739,0.3762099522835719
3,2992128,28596,1.5622312807736711,48,93,pcp_real,140,-1.146517578216067,2,1980870,1011258,35.36361728913135,0.832214295705693
4,3997066,182836,1.459692148068506,50,141,pcp_real,190,-0.1528185550620957,2,2992128,1004938,5.496390207617756,1.0
5,4981464,190322,1.3286987218772992,49,191,pcp_real,239,-0.1404746517305759,2,3997066,984398,5.1722764577925835,1.0
6,5985985,195497,1.3198278928248004,50,240,pcp_real,289,-0.13823443155990459,2,4981464,1004521,5.138293682255994,1.0
7,6990321,195868,1.294075685232981,50,290,pcp_real,339,-0.13718839558614304,2,5985985,1004336,5.127616558090143,1.0
8,7994757,196114,1.2886727062193677,50,340,pcp_real,389,-0.13678149783629248,2,6990321,1004436,5.121694524613235,1.0
9,8999194,196064,1.2895565653261212,50,390,pcp_real,439,-0.1367048514770687,2,7994757,1004437,5.123005753223437,1.0
10,9983640,192179,1.1017482516811126,49,440,pcp_real,488,-0.13639220032712557,2,8999194,984446,5.12254720859199,1.0
11,10988154,196300,0.9756993488243056,50,489,pcp_real,538,-0.13623331635252167,2,9983640,1004514,5.117238920020377,1.0
12,11992636,196351,0.9719837699587354,50,539,pcp_real,588,-0.13619988354188842,2,10988154,1004482,5.1157468003728015,1.0
13,12997178,196295,1.1746841820515692,50,589,pcp_real,638,-0.13619484279613167,2,11992636,1004542,5.117511908097506,1.0
14,13981612,192397,1.1961196087813004,49,639,pcp_real,687,-0.1361555360357317,2,12997178,984434,5.11668061352308,1.0
15,14986106,196007,1.256070618049966,50,688,pcp_real,737,-0.1362754051300889,2,13981612,1004494,5.1247863596708285,1.0
16,15990456,196276,0.9824068196386927,50,738,pcp_real,787,-0.13600329807685776,2,14986106,1004350,5.117029081497483,1.0
17,16994914,196056,0.9829828470402087,50,788,pcp_real,837,-0.13628189564886223,2,15990456,1004458,5.123321908026278,1.0
18,17999396,196149,0.9801582687653394,50,838,pcp_real,887,-0.13615720702119308,2,16994914,1004482,5.1210151466487215,1.0
19,18983899,192463,0.9600048621019556,49,888,pcp_real,936,-0.13591850554825255,2,17999396,984503,5.115284496240836,1.0
20,19988298,196358,0.9831044600614243,50,937,pcp_real,986,-0.1357310796266683,2,18983899,1004399,5.115141730920054,1.0
21,20992825,196084,0.9796918706321674,50,987,pcp_real,1036,-0.13612405907672223,2,19988298,1004527,5.12294220844128,1.0
22,21997284,196412,0.9794868571813115,50,1037,pcp_real,1086,-0.13593492250982628,2,20992825,1004459,5.114040893631754,1.0
23,22981732,192385,0.9617601961094058,49,1087,pcp_real,1135,-0.13601753428455093,2,21997284,984448,5.11707253684019,0.99999480208956
24,23986226,196358,0.9809650583073704,50,1136,pcp_real,1185,-0.13588012711475977,2,22981732,1004494,5.115625541103495,1.0
25,24990817,196278,0.9789601377004551,50,1186,pcp_real,1235,-0.13599511916771112,2,23986226,1004591,5.118204791163554,1.0
26,25995418,196380,0.9781368799709405,50,1236,pcp_real,1285,-0.1358125403129986,2,24990817,1004601,5.115597311335167,1.0
27,26999765,196218,0.9771980986340593,50,1286,pcp_real,1335,-0.1359541428411257,2,25995418,1004347,5.118526332956201,1.0
28,27983984,192372,0.9621225567772571,49,1336,pcp_real,1384,-0.13587536994295776,2,26999765,984219,5.116227933379078,1.0
29,28988390,196246,0.9795660095682575,50,1385,pcp_real,1434,-0.13584259891496728,2,27983984,1004406,5.118096674581902,1.0
30,29992857,196363,0.9779226557527565,50,1435,pcp_real,1484,-0.1357335648772936,2,28988390,1004467,5.115357781252069,1.0
31,30997453,196442,0.9776434384658933,50,1485,pcp_real,1534,-0.13569789895575624,2,29992857,1004596,5.113957300373647,0.9999745471945918
32,31981656,192560,0.9580887606165682,49,1535,pcp_real,1583,-0.13553134953607535,2,30997453,984203,5.111149771499792,1.0
33,32986253,196354,0.9806836832625171,50,1584,pcp_real,1633,-0.13577611524763097,2,31981656,1004597,5.116254316184035,1.0
34,33990893,196458,0.9763182394635967,50,1634,pcp_real,1683,-0.1357440267130888,2,32986253,1004640,5.1137647741502,1.0
35,34995378,196292,0.9741892545830665,50,1684,pcp_real,1733,-0.1358996630869657,2,33990893,1004485,5.117299737126322,1.0
36,35999857,196519,0.9743766355700791,50,1734,pcp_real,1783,-0.13562157687891077,2,34995378,1004479,5.111358189284497,1.0
37,36984366,192364,0.9544084066494057,49,1784,pcp_real,1832,-0.13584974319519247,2,35999857,984509,5.117948264748081,1.0
38,37988964,196437,0.9755675644422364,50,1833,pcp_real,1882,-0.1358401591010519,2,36984366,1004598,5.114097649628125,1.0
39,38993464,196273,0.9730472527935894,50,1883,pcp_real,1932,-0.1357832372936335,2,37988964,1004500,5.117871536074753,1.0
40,39998041,196337,0.9720948371943087,50,1933,pcp_real,1982,-0.13584618962973527,2,38993464,1004577,5.116595445585906,1.0
1,996392,13716,1.9879407769353645,46,1,pcp_binary,46,-2.449404588315346,0,0,996392,72.64450277048702,0.22346165062700496
2,1981699,12320,1.941284906996621,44,47,pcp_binary,90,-2.80157873376623,0,996392,985307,79.97621753246753,0.0012175324675324675
3,2989023,12603,1.969958176148745,45,91,pcp_binary,135,-2.7812465286042967,0,1981699,1007324,79.92731889232722,0.0025390779973022298
4,3994744,13670,1.8649049183534872,46,136,pcp_binary,181,-2.295085345037793,0,2989023,1005721,73.57139722019019,0.1884418434528164
5,4983162,14000,1.8169066724564051,45,182,pcp_binary,226,-1.860799999999998,0,3994744,988418,70.60128571428571,0.22685714285714287
6,5981346,21042,1.8307656187745225,47,227,pcp_binary,273,-1.0382457307607,0,4983162,998184,47.43769603649843,0.6881950384944396
7,6982980,90126,1.8303498291793383,49,274,pcp_binary,322,-0.27231172654579877,0,5981346,1001634,11.113707476199986,0.9840112731065397
8,7988452,170885,1.7604220780932034,50,323,pcp_binary,372,-0.15973198349767387,0,6982980,1005472,5.883910232027387,1.0
9,8993028,188677,1.7310653864938972,50,373,pcp_binary,422,-0.14508489817695497,0,7988452,1004576,5.324316159362296,1.0
10,9997489,193507,1.731307830061867,50,423,pcp_binary,472,-0.1407802646243633,0,8993028,1004461,5.190825138108699,1.0
11,10981930,190981,1.6953090640007416,49,473,pcp_binary,521,-0.13891032790347382,0,9997489,984441,5.1546541278975395,1.0
12,11986532,195313,1.7310783257992524,50,522,pcp_binary,571,-0.1380572892400062,0,10981930,1004602,5.143549072514374,1.0
13,12991049,195733,1.7282086822483689,50,572,pcp_binary,621,-0.13746200180858617,0,11986532,1004517,5.132077881604022,1.0
14,13995522,195877,1.7305580033672352,50,622,pcp_binary,671,-0.1371076406792698,0,12991049,1004473,5.128080376971263,1.0
15,14979931,192094,1.696273958822195,49,672,pcp_binary,720,-0.13683561173175632,0,13995522,984409,5.124621279165408,1.0
16,15984543,195978,1.7311862626495875,50,721,pcp_binary,770,-0.13676067381712914,0,14979931,1004612,5.12614681239731,1.0
17,16989108,196004,1.658220590321968,50,771,pcp_binary,820,-0.1366892172268593,0,15984543,1004565,5.125227036182935,1.0
18,17993473,196163,1.6561481762434251,50,821,pcp_binary,870,-0.13644775008538818,0,16989108,1004365,5.1200532210457625,1.0
19,18997915,195815,1.6177766600670294,50,871,pcp_binary,920,-0.1367151818468112,0,17993473,1004442,5.1295457447080155,1.0
20,19982493,192343,1.489244315568875,49,921,pcp_binary,969,-0.1363453136670774,0,18997915,984578,5.1188657762434815,1.0
21,20986945,196161,1.5073455870244652,50,970,pcp_binary,1019,-0.13621540469308374,0,19982493,1004452,5.120548936842695,1.0
22,21991344,196189,1.4966151045992349,50,1020,pcp_binary,1069,-0.13624183822742356,0,20986945,1004399,5.1195479868901925,1.0
23,22995722,195753,1.4959741024652289,50,1070,pcp_binary,1119,-0.1365762806529998,0,21991344,1004378,5.130843460892042,1.0
24,23979984,192209,1.4685416317456919,49,1120,pcp_binary,1168,-0.13619341446030103,0,22995722,984262,5.120790389627957,1.0
25,24984478,196196,1.497880346666918,50,1169,pcp_binary,1218,-0.13620817957552653,0,23979984,1004494,5.119849538216886,1.0
26,25989001,196005,1.4976815433810569,50,1219,pcp_binary,1268,-0.1363426103075602,0,24984478,1004523,5.1249866074845025,1.0
27,26993566,196476,1.4090964659003333,50,1269,pcp_binary,1318,-0.1357733260041939,0,25989001,1004565,5.112914554449398,1.0
1,991190,14100,1.9821782527667366,46,1,pcp_binary,46,-2.33145271867612,1,0,991190,70.29716312056738,0.3058156028368794
2,1980589,13180,1.9709076278072057,45,47,pcp_binary,91,-2.517481031866461,1,991190,989399,75.06820940819424,0.153793626707132
3,2978978,12864,1.946019793521199,45,92,pcp_binary,136,-2.532151741293529,1,1980589,998389,77.61108519900498,0.0740049751243781
4,3990579,13827,1.7638268919133893,46,137,pcp_binary,182,-1.8122767049974664,1,2978978,1011601,73.1612786576987,0.18550661748752442
5,4990569,19795,1.7623289699542026,47,183,pcp_binary,229,-1.0932887092700168,1,3990579,999990,50.51730234907805,0.6103561505430665
6,5982686,57070,1.7169799313280318,48,230,pcp_binary,277,-0.43976812102096824,1,4990569,992117,17.384212370772737,0.9616961626073244
7,6988336,166117,1.7238228458429996,50,278,pcp_binary,327,-0.16779719514960337,1,5982686,1005650,6.053865648910105,1.0
8,7993188,186544,1.734503641203046,50,328,pcp_binary,377,-0.14704975769791578,1,6988336,1004852,5.386675529633759,1.0
9,8997733,193532,1.730776220196858,50,378,pcp_binary,427,-0.1407568257445797,1,7993188,1004545,5.1905886365045575,1.0
10,9982205,190834,1.6955641083046793,49,428,pcp_binary,476,-0.13897296428658765,1,8997733,984472,5.158787218210591,1.0
11,10986705,195402,1.7311451965047875,50,477,pcp_binary,526,-0.13807978765143994,1,9982205,1004500,5.1406843328113325,1.0
12,11991227,195804,1.7283215806695322,50,527,pcp_binary,576,-0.1372853295472343,1,10986705,1004522,5.1302424873853445,1.0
13,12995704,195901,1.730567079716776,50,577,pcp_binary,626,-0.1369408527776785,1,11991227,1004477,5.127472549910414,1.0
14,13980050,192070,1.6950778156875943,49,627,pcp_binary,675,-0.13688151889068223,1,12995704,984346,5.124933617951789,1.0
15,14984594,196047,1.7311075387915804,50,676,pcp_binary,725,-0.13673073293648974,1,13980050,1004544,5.123995776522976,1.0
16,15989069,196016,1.7300296758187728,50,726,pcp_binary,775,-0.13665100467989008,1,14984594,1004475,5.12445412619378,1.0
17,16993422,195926,1.6743736485190068,50,776,pcp_binary,825,-0.1365668670824699,1,15989069,1004353,5.12618539652726,1.0
18,17997814,196191,1.6565005571110587,50,826,pcp_binary,875,-0.13648162589857163,1,16993422,1004392,5.119460117946287,1.0
19,18982218,192247,1.6179020271522717,49,876,pcp_binary,924,-0.1362825774481093,1,17997814,984404,5.120516835113162,1.0
20,19986926,196091,1.518863633699301,50,925,pcp_binary,974,-0.13635726949902513,1,18982218,1004708,5.123682371959958,1.0
21,20991538,196091,1.514940943937852,50,975,pcp_binary,1024,-0.1362486464617618,1,19986926,1004612,5.123192803341306,1.0
22,21995969,196039,1.4982641086639423,50,1025,pcp_binary,1074,-0.1363480395907617,1,20991538,1004431,5.123628461683644,1.0
23,22980280,192518,1.467161257029511,49,1075,pcp_binary,1123,-0.13598719773389156,1,21995969,984311,5.112825813690148,1.0
24,23984900,196049,1.4967294063884764,50,1124,pcp_binary,1173,-0.13629135233198503,1,22980280,1004620,5.124331162107432,1.0
25,24989354,196281,1.4987311237393361,50,1174,pcp_binary,1223,-0.13593614936409196,1,23984900,1004454,5.117428584529323,1.0
26,25993871,196147,1.4978477425635275,50,1224,pcp_binary,1273,-0.13616173923978786,1,24989354,1004517,5.12124580034362,1.0
27,26998304,196353,1.4352075920507519,50,1274,pcp_binary,1323,-0.13596549751383138,1,25993871,1004433,5.115445142167423,1.0
1,989761,14723,1.983373733936395,46,1,pcp_binary,46,-2.1087221807149787,2,0,989761,67.22549752088568,0.35006452489302453
2,1996476,74535,1.9997629378368664,49,47,pcp_binary,95,-0.33789047650991694,2,989761,1006715,13.50660763399745,0.9792312336486214
3,2981626,171391,1.889537858948008,49,96,pcp_binary,144,-0.15862696018655198,2,1996476,985150,5.747968096341115,0.9999941653879142
4,3986373,187187,1.7314027150394395,50,145,pcp_binary,194,-0.14955739447718056,2,2981626,1004747,5.3676109986270415,1.0
5,4991089,190307,1.7306274159128467,50,195,pcp_binary,244,-0.1469415208058558,2,3986373,1004716,5.27944847010357,1.0
6,5995692,192181,1.7211240271897987,50,245,pcp_binary,294,-0.14441151830826146,2,4991089,1004603,5.227379397547104,1.0
7,6980237,189705,1.6873209191289626,49,295,pcp_binary,343,-0.14180727972378165,2,5995692,984545,5.189873751350781,1.0
8,7984804,194426,1.7328336210729969,50,344,pcp_binary,393,-0.1401297494505193,2,6980237,1004567,5.166834682604178,1.0
9,8989231,194969,1.732400987184503,50,394,pcp_binary,443,-0.1389711526789729,2,7984804,1004427,5.151726684755013,1.0
10,9993776,195559,1.730794322910822,50,444,pcp_binary,493,-0.1380829655841289,2,8989231,1004545,5.136787363404395,1.0
11,10998232,195823,1.7307070015520891,50,494,pcp_binary,543,-0.1375254694290252,2,9993776,1004456,5.129407679383934,1.0
12,11982588,191947,1.6962424543499948,49,544,pcp_binary,592,-0.13711336983646527,2,10998232,984356,5.128269782804629,1.0
13,12987200,196110,1.73114676774169,50,593,pcp_binary,642,-0.13677425934424559,2,11982588,1004612,5.122696445872214,1.0
14,13991825,195864,1.7322794063389302,50,643,pcp_binary,692,-0.13688154365614236,2,12987200,1004625,5.129196789609116,1.0
15,14996341,196082,1.7317051816002156,50,693,pcp_binary,742,-0.1365517997572444,2,13991825,1004516,5.122938362521802,1.0
16,15980889,191984,1.6959957556524832,49,743,pcp_binary,791,-0.13659289315776316,2,14996341,984548,5.128281523460289,1.0
17,16985294,196068,1.679137002715013,50,792,pcp_binary,841,-0.13645172423172913,2,15980889,1004405,5.122738029663178,1.0
18,17989764,196192,1.65688950696184,50,842,pcp_binary,891,-0.1362239540857935,2,16985294,1004470,5.119831593541021,1.0
19,18994218,196223,1.656132159525425,50,892,pcp_binary,941,-0.13607018545226607,2,17989764,1004454,5.118941204649811,1.0
20,19998841,195981,1.5241726160716886,50,942,pcp_binary,991,-0.13644707054935598,2,18994218,1004623,5.1261244712497644,0.9999948974645502
21,20983214,192391,1.4848964811789078,49,992,pcp_binary,1040,-0.1361777144807536,2,19998841,984373,5.11652312218347,1.0
22,21987749,196273,1.4979699469637127,50,1041,pcp_binary,1090,-0.13614183645568503,2,20983214,1004535,5.11804985912479,1.0
23,22992317,196303,1.4996936747157532,50,1091,pcp_binary,1140,-0.1360606647206954,2,21987749,1004568,5.117435800777369,1.0
24,23996742,196181,1.4996103781792853,50,1141,pcp_binary,1190,-0.13611460844832068,2,22992317,1004425,5.119889285914538,1.0
25,24981120,192353,1.4695666593126953,49,1191,pcp_binary,1239,-0.1360443212912371,2,23996742,984378,5.11755990288688,1.0
26,25985497,196167,1.498101779448593,50,1240,pcp_binary,1289,-0.1361230482191194,2,24981120,1004377,5.120009991486845,1.0
27,26990036,196223,1.4418409402927177,50,1290,pcp_binary,1339,-0.13609804491148678,2,25985497,1004539,5.119374385265743,1.0
