model,seed,num_p,num_a,episodes,success_rate,steps_taken,team_return,mean_agent_return
shared,0,1,2,500,0.968,12.01,-1.2039999999999995,-0.40133333333333315
shared,0,2,1,500,0.994,6.5,-0.5713999999999999,-0.19046666666666665
shared,0,2,2,500,0.998,7.632,-0.8522,-0.21305
shared,0,3,1,500,0.998,6.044,-0.6398999999999999,-0.15997499999999998
shared,0,3,2,500,1,7.114,-0.9338,-0.18676
shared,1,1,2,500,1,7.882,-0.7273000000000001,-0.24243333333333333
shared,1,2,1,500,1,5.684,-0.4722,-0.1574
shared,1,2,2,500,1,6.666,-0.7447,-0.186175
shared,1,3,1,500,1,5.65,-0.5868,-0.1467
shared,1,3,2,500,1,6.496,-0.867,-0.1734
shared,2,1,2,500,1,8.084,-0.7461,-0.2487
shared,2,2,1,500,1,5.694,-0.4749,-0.1583
shared,2,2,2,500,1,6.776,-0.7525000000000001,-0.18812500000000001
shared,2,3,1,500,1,5.656,-0.5899,-0.147475
shared,2,3,2,500,1,6.542,-0.8708,-0.17416
banked,0,1,2,500,0.996,9.964,-0.9506999999999999,-0.31689999999999996
banked,0,2,1,500,1,7.024,-0.5522,-0.18406666666666666
banked,0,2,2,500,1,8.058,-0.8991,-0.224775
banked,0,3,1,500,1,6.876,-0.6707,-0.167675
banked,0,3,2,500,1,7.692,-1.0134,-0.20268
banked,1,1,2,500,0.498,46.254,-4.6319999999999935,-1.5439999999999978
banked,1,2,1,500,1,6.672,-0.5333,-0.17776666666666666
banked,1,2,2,500,0.614,37.27,-3.826199999999995,-0.9565499999999988
banked,1,3,1,500,1,6.57,-0.6488,-0.1622
banked,1,3,2,500,0.644,36.118,-3.8433999999999955,-0.7686799999999991
banked,2,1,2,500,0.928,15.292,-1.2111999999999994,-0.40373333333333317
banked,2,2,1,500,1,6.988,-0.5463,-0.1821
banked,2,2,2,500,0.996,8.788,-0.9229999999999999,-0.23074999999999998
banked,2,3,1,500,1,7.044,-0.6837,-0.170925
banked,2,3,2,500,1,8.394,-1.0547,-0.21094
