group,workload,first_update,last_update,steps,seconds,steps_per_second
905118,pp_real,1,20,43199,133.60136730782688,323.3424991861535
905118,pp_real,21,40,42765,125.94642000831664,339.54915111661046
905118,pp_real,41,60,43230,127.88422161526978,338.04013860329275
905118,pp_real,61,80,43467,129.34648165293038,336.05088785200246
905118,pp_real,81,100,43156,127.0565933175385,339.6596656117245
905118,pcp_real,1,20,43070,220.7456797938794,195.11140621287123
905118,pcp_real,21,40,43411,227.3531128000468,190.94086491870132
905118,pcp_real,41,60,43306,230.62102001532912,187.77993435776798
905118,pcp_real,61,80,43243,230.05707218497992,187.96640150766584
905118,pcp_real,81,100,43255,229.63016872480512,188.36810616046682
905118,fc_real,1,20,49507,240.68541714549065,205.69173067130103
905118,fc_real,21,40,49602,249.06629077531397,199.1517994891835
905118,fc_real,41,60,49738,265.8971326146275,187.0573011108275
905118,fc_real,61,80,50023,276.05749574303627,181.2050053752683
905118,fc_real,81,100,48848,264.7144988514483,184.53088218417676
905118,pcp_binary,1,20,43281,331.4019463174045,130.59971578605956
905118,pcp_binary,21,40,43675,339.8858463354409,128.49902539600362
905118,pcp_binary,41,60,43419,339.56962310522795,127.86479427385368
905118,pcp_binary,61,80,43529,340.62427324429154,127.79183228900877
905118,pcp_binary,81,100,43036,337.4331260006875,127.5393453810232
905404,pp_real,1,20,43199,130.58760738745332,330.8047437597092
905404,pp_real,21,40,42765,124.4577249865979,343.61065176633355
905404,pp_real,41,60,43230,126.0853121317923,342.86309221182944
905404,pp_real,61,80,43467,124.81220960058272,348.2591978709514
905404,pp_real,81,100,43156,124.99116949737072,345.27239143008273
905404,pcp_real,1,20,43070,184.09962575510144,233.9494163735774
905404,pcp_real,21,40,43411,159.59779899194837,272.0024979930335
905404,pcp_real,41,60,43306,159.69915557466447,271.1723793664836
905404,pcp_real,61,80,43243,158.56466669216752,272.71523285796457
905404,pcp_real,81,100,43255,158.71039004437625,272.54044292818935
905404,fc_real,1,20,49507,165.9819900598377,298.2672998567638
905404,fc_real,21,40,49602,171.5639143884182,289.116742158854
905404,fc_real,41,60,49738,170.90586870722473,291.0256995633376
905404,fc_real,61,80,50023,172.38820879161358,290.1764589970816
905404,fc_real,81,100,48848,166.29009357094765,293.75171395377805
905404,pcp_binary,1,20,43281,215.8868591953069,200.48001143434522
905404,pcp_binary,21,40,43675,222.0679784398526,196.6740108449694
905404,pcp_binary,41,60,43419,220.987874398008,196.47684343893297
905404,pcp_binary,61,80,43529,221.6062807161361,196.42493822527507
905404,pcp_binary,81,100,43036,218.38829408958554,197.06184426875055
