epoch,total_steps,episodes,steps_taken,success_rate,mean_agent_return
1136.0,23007127.0,3937.0,5.101092202184405,1.0,-0.13599187198374396
1137.0,23027213.0,3937.0,5.101854203708408,1.0,-0.13528067056134113
1138.0,23047308.0,3915.0,5.1328224776500635,1.0,-0.13656449553001276
1139.0,23067386.0,3970.0,5.05743073047859,1.0,-0.1335474391267842
1140.0,23087471.0,3925.0,5.117197452229299,1.0,-0.1365647558386412
1141.0,23107551.0,3900.0,5.148717948717949,1.0,-0.1367606837606838
1142.0,23127630.0,3906.0,5.140552995391705,1.0,-0.13690049496501108
1143.0,23147715.0,3923.0,5.11980627071119,1.0,-0.13563599286260516
1144.0,23167804.0,3938.0,5.101320467242255,1.0,-0.13431098696461824
1145.0,23187890.0,3920.0,5.123979591836735,1.0,-0.1352891156462585
1146.0,23207971.0,3926.0,5.114875191034131,1.0,-0.13662336559687552
1147.0,23228062.0,3970.0,5.060705289672544,1.0,-0.13490764063811925
1148.0,23248151.0,3911.0,5.136537969828688,1.0,-0.13636751044063752
1149.0,23268240.0,3922.0,5.122131565527792,1.0,-0.13586605473397925
1150.0,23288318.0,3932.0,5.106307222787385,1.0,-0.13580874872838253
1151.0,23308411.0,3957.0,5.077836745008845,1.0,-0.13510656221042877
1152.0,23328507.0,3949.0,5.088883261585211,1.0,-0.13520300498016374
1153.0,23348590.0,3910.0,5.136317135549872,1.0,-0.13619778346121056
1154.0,23368673.0,3953.0,5.08044523146977,1.0,-0.13373808921494224
1155.0,23388761.0,3940.0,5.098477157360406,1.0,-0.13441201353637902
1156.0,23408846.0,3936.0,5.102896341463414,1.0,-0.13428607723577238
1157.0,23428932.0,3901.0,5.148936170212766,1.0,-0.13628984021191146
1158.0,23449007.0,3951.0,5.080992153885092,1.0,-0.13488990129081246
1159.0,23469090.0,3924.0,5.117991845056065,1.0,-0.13575008494733265
1160.0,23489181.0,3911.0,5.137049347992841,1.0,-0.13677235148725816
1161.0,23509250.0,3919.0,5.12094922174024,1.0,-0.1362805137364974
1162.0,23529362.0,3939.0,5.105864432597106,1.0,-0.13608360836083608
1163.0,23549439.0,3927.0,5.112554112554113,1.0,-0.1344028520499109
1164.0,23569527.0,3917.0,5.1284146030125095,1.0,-0.13588630754829376
1165.0,23589599.0,3936.0,5.099593495934959,1.0,-0.13595867208672086
1166.0,23609700.0,3949.0,5.090149404912636,1.0,-0.13495399679243691
1167.0,23629786.0,3916.0,5.129213483146067,1.0,-0.1354868913857678
1168.0,23649870.0,3920.0,5.123469387755102,1.0,-0.13629251700680273
1169.0,23669964.0,3933.0,5.109077040427155,1.0,-0.136248834647004
1170.0,23690074.0,3944.0,5.098884381338743,1.0,-0.13570402298850576
1171.0,23710160.0,3913.0,5.133145923843598,1.0,-0.13711133827412897
1172.0,23730246.0,3902.0,5.147616606868272,1.0,-0.13765163164189304
1173.0,23750341.0,3904.0,5.147284836065574,1.0,-0.13630464480874316
1174.0,23770428.0,3900.0,5.15051282051282,1.0,-0.13718376068376067
1175.0,23790516.0,3935.0,5.104955527318933,1.0,-0.1359169843286743
1176.0,23810615.0,3895.0,5.160205391527599,1.0,-0.13783910997004706
1177.0,23830726.0,3906.0,5.148745519713262,1.0,-0.13755760368663597
1178.0,23850830.0,3921.0,5.127263453200714,1.0,-0.1369251041401003
1179.0,23870926.0,3912.0,5.137014314928425,1.0,-0.13618779822767554
1180.0,23891008.0,3927.0,5.1138273491214665,1.0,-0.13605381546558015
1181.0,23911091.0,3933.0,5.106280193236715,1.0,-0.13567675226714132
1182.0,23931186.0,3924.0,5.1210499490316,1.0,-0.137024294937139
1183.0,23951284.0,3939.0,5.102310231023102,1.0,-0.13453922315308453
1184.0,23971381.0,3935.0,5.1072426937738244,1.0,-0.13506141465480728
1185.0,23991463.0,3930.0,5.109923664122137,1.0,-0.1360771840542833
1186.0,24011544.0,3910.0,5.135805626598465,1.0,-0.13633418584825233
1187.0,24031644.0,3941.0,5.100228368434408,1.0,-0.1359807155544278
1188.0,24051729.0,3890.0,5.163239074550129,1.0,-0.1370694087403599
1189.0,24071836.0,3900.0,5.155641025641025,1.0,-0.1373846153846154
1190.0,24091923.0,3974.0,5.054604932058379,1.0,-0.13400016775708776
1191.0,24112005.0,3958.0,5.07377463365336,1.0,-0.13454185615630793
1192.0,24132117.0,3957.0,5.0826383623957545,1.0,-0.1353171594642406
1193.0,24152183.0,3920.0,5.118877551020408,1.0,-0.13630527210884352
1194.0,24172283.0,3951.0,5.087319665907366,1.0,-0.13522315025731885
1195.0,24192357.0,3918.0,5.123532414497192,1.0,-0.13607708014293007
1196.0,24212431.0,3950.0,5.082025316455696,1.0,-0.13458227848101267
1197.0,24232526.0,3899.0,5.153885611695307,1.0,-0.1374454988458579
1198.0,24253689.0,1604.0,13.193890274314214,0.8915211970074813,-0.3159600997506231
1199.0,24276133.0,288.0,77.93055555555556,0.027777777777777776,-2.668634259259255
1200.0,24298533.0,280.0,80.0,0.0,-2.8274404761904717
1201.0,24320933.0,280.0,80.0,0.0,-2.821666666666662
1202.0,24343333.0,280.0,80.0,0.0,-2.771309523809519
1203.0,24365733.0,280.0,80.0,0.0,-2.6254166666666627
1204.0,24388133.0,280.0,80.0,0.0,-2.642440476190471
1205.0,24410533.0,280.0,80.0,0.0,-2.5996428571428525
1206.0,24432933.0,280.0,80.0,0.0,-2.4013690476190437
1207.0,24455333.0,280.0,80.0,0.0,-2.272380952380949
1208.0,24477733.0,280.0,80.0,0.0,-2.048511904761902
1209.0,24500148.0,282.0,79.48581560283688,0.0070921985815602835,-2.0530732860520065
1210.0,24522548.0,280.0,80.0,0.0,-1.8829761904761877
1211.0,24544952.0,281.0,79.72953736654804,0.0035587188612099642,-1.7691577698695107
1212.0,24567362.0,281.0,79.7508896797153,0.0035587188612099642,-1.6965005931198076
1213.0,24589772.0,282.0,79.46808510638297,0.0070921985815602835,-1.6523049645390042
1214.0,24612189.0,283.0,79.21201413427562,0.01060070671378092,-1.651001177856299
1215.0,24634665.0,290.0,77.50344827586207,0.034482758620689655,-1.7196551724137903
1216.0,24657100.0,299.0,75.03344481605352,0.06688963210702341,-1.4619286510590834
1217.0,24679717.0,321.0,70.45794392523365,0.1277258566978193,-1.3165109034267894
1218.0,24702171.0,327.0,68.66666666666667,0.1529051987767584,-1.2861365953109054
1219.0,24724615.0,318.0,70.57861635220125,0.12578616352201258,-1.3171907756813397
1220.0,24747082.0,327.0,68.70642201834862,0.1559633027522936,-1.4206422018348601
1221.0,24769536.0,302.0,74.35099337748345,0.076158940397351,-1.6784768211920502
1222.0,24791722.0,319.0,69.54858934169279,0.14420062695924765,-1.4320271682340626
1223.0,24813925.0,341.0,65.11143695014663,0.20527859237536658,-1.2188172043010737
1224.0,24836077.0,326.0,67.95092024539878,0.1656441717791411,-1.280981595092023
1225.0,24858420.0,319.0,70.04075235109718,0.13793103448275862,-1.36280041797283
1226.0,24880834.0,326.0,68.75460122699387,0.15337423312883436,-1.3015337423312863
1227.0,24903166.0,332.0,67.26506024096386,0.1716867469879518,-1.268373493975902
1228.0,24925519.0,353.0,63.32294617563739,0.22662889518413598,-1.2247403210575996
1229.0,24947688.0,321.0,69.06230529595015,0.1526479750778816,-1.3271028037383157
1230.0,24970192.0,323.0,69.671826625387,0.1393188854489164,-1.3271929824561381
1231.0,24992615.0,318.0,70.5125786163522,0.1289308176100629,-1.2876310272536668
1232.0,25014930.0,332.0,67.21385542168674,0.1746987951807229,-1.2380522088353394
1233.0,25037208.0,330.0,67.50909090909092,0.1696969696969697,-1.2366161616161597
1234.0,25059656.0,322.0,69.71428571428571,0.14285714285714285,-1.2788302277432693
1235.0,25081931.0,336.0,66.29464285714286,0.19047619047619047,-1.2602678571428552
1236.0,25104138.0,323.0,68.75232198142415,0.1609907120743034,-1.3021671826625367
1237.0,25126425.0,300.0,74.29,0.08,-1.368999999999998
1238.0,25148628.0,314.0,70.71019108280255,0.1305732484076433,-1.31788747346072
1239.0,25171047.0,323.0,69.40866873065015,0.14860681114551083,-1.2927244582043327
1240.0,25193475.0,343.0,65.38775510204081,0.19825072886297376,-1.1892614188532538
1241.0,25215685.0,353.0,62.91784702549575,0.23229461756373937,-1.1462228517469295
1242.0,25237967.0,342.0,65.15204678362574,0.20175438596491227,-1.1990740740740724
1243.0,25260255.0,358.0,62.25698324022346,0.23743016759776536,-1.1600093109869627
1244.0,25282450.0,344.0,64.5203488372093,0.20930232558139536,-1.1887112403100757
1245.0,25304876.0,349.0,64.25787965616045,0.21203438395415472,-1.1694364851957961
1246.0,25327155.0,336.0,66.30654761904762,0.18452380952380953,-1.2039186507936492
1247.0,25349736.0,340.0,66.41470588235295,0.18235294117647058,-1.2052941176470569
1248.0,25371965.0,325.0,68.39692307692307,0.15692307692307692,-1.2356410256410237
1249.0,25394056.0,341.0,64.78299120234604,0.20527859237536658,-1.1765884652981409
1250.0,25416396.0,352.0,63.46590909090909,0.2215909090909091,-1.1513257575757558
1251.0,25438566.0,348.0,63.706896551724135,0.22126436781609196,-1.1584291187739446
1252.0,25460896.0,343.0,65.10204081632654,0.20116618075801748,-1.181146744412049
1253.0,25483331.0,346.0,64.84104046242774,0.20520231213872833,-1.1678227360308269
1254.0,25505419.0,353.0,62.57223796033994,0.24079320113314448,-1.1474504249291766
1255.0,25527782.0,332.0,67.35843373493977,0.1746987951807229,-1.2232931726907612
1256.0,25550034.0,357.0,62.33053221288515,0.24089635854341737,-1.1302987861811373
1257.0,25571919.0,372.0,58.83064516129032,0.29301075268817206,-1.0800179211469516
1258.0,25593194.0,525.0,40.523809523809526,0.56,-0.7902539682539674
1259.0,25614600.0,521.0,41.08637236084453,0.5412667946257198,-0.7974088291746632
1260.0,25635956.0,681.0,31.35976505139501,0.6769456681350955,-0.7004405286343605
1261.0,25657195.0,762.0,27.87270341207349,0.7349081364829396,-0.6061023622047238
1262.0,25678767.0,885.0,24.375141242937854,0.7762711864406779,-0.5360828625235399
1263.0,25699900.0,999.0,21.154154154154153,0.8158158158158159,-0.47047047047047
1264.0,25720966.0,1130.0,18.642477876106195,0.8477876106194691,-0.39952802359881967
1265.0,25742072.0,1241.0,17.007252215954875,0.8742949234488316,-0.36579371474617217
1266.0,25763029.0,1265.0,16.566798418972333,0.8735177865612648,-0.3655599472990774
1267.0,25784071.0,1379.0,15.258883248730964,0.8846990572878898,-0.33577471597776143
1268.0,25805113.0,1256.0,16.753184713375795,0.8630573248407644,-0.3615843949044583
1269.0,25826199.0,1337.0,15.771129394166044,0.8848167539267016,-0.35594614809274466
1270.0,25847275.0,1410.0,14.947517730496454,0.8893617021276595,-0.33338061465721014
1271.0,25868363.0,1349.0,15.63232023721275,0.8791697553743514,-0.341660489251297
1272.0,25889409.0,1331.0,15.812171299774606,0.8797896318557475,-0.3502504382669669
1273.0,25910368.0,1459.0,14.365318711446196,0.8992460589444825,-0.3265021704363717
1274.0,25931312.0,1310.0,15.987786259541984,0.8694656488549618,-0.3461450381679387
1275.0,25952545.0,532.0,39.911654135338345,0.5526315789473685,-0.7646929824561394
1276.0,25974027.0,379.0,56.68073878627968,0.33509234828496043,-1.1218997361477556
1277.0,25995407.0,429.0,49.836829836829835,0.42424242424242425,-0.9491064491064478
1278.0,26016584.0,596.0,35.531879194630875,0.6325503355704698,-0.6800615212527955
1279.0,26037715.0,756.0,27.951058201058203,0.7473544973544973,-0.5460758377425038
1280.0,26059409.0,663.0,32.7209653092006,0.6666666666666666,-0.6801910507792853
1281.0,26080968.0,587.0,36.72742759795571,0.6183986371379898,-0.8688245315161831
1282.0,26102116.0,735.0,28.77278911564626,0.7115646258503401,-0.6106802721088429
1283.0,26123559.0,945.0,22.69100529100529,0.7978835978835979,-0.47647266313932934
1284.0,26144459.0,1106.0,18.896925858951175,0.8381555153707052,-0.4057263411693788
1285.0,26165356.0,1427.0,14.644008409250175,0.9103013314646111,-0.3256949310908664
1286.0,26186203.0,2061.0,10.114992721979622,0.9543910722950024,-0.24524502668607456
1287.0,26207367.0,1786.0,11.849944008958566,0.9305711086226204,-0.2717898469578199
1288.0,26228060.0,2057.0,10.059795819154107,0.9557608167233835,-0.24210824825798077
1289.0,26248765.0,2228.0,9.293087971274685,0.9636445242369839,-0.22983243566726502
1290.0,26269246.0,2219.0,9.229833258224426,0.9612438035150969,-0.22682890190776614
1291.0,26290184.0,1384.0,15.128612716763005,0.8829479768786127,-0.3446050096339111
1292.0,26311598.0,712.0,30.075842696629213,0.6882022471910112,-0.6920177902621714
1293.0,26332960.0,726.0,29.424242424242426,0.6914600550964187,-0.7019283746556464
1294.0,26353814.0,1239.0,16.83131557707829,0.8652138821630347,-0.37854452515469433
1295.0,26374699.0,1754.0,11.907069555302167,0.9481185860889396,-0.34537248194602793
1296.0,26395263.0,1915.0,10.738381201044387,0.9530026109660574,-0.3253611836379458
1297.0,26415695.0,2194.0,9.3126709206928,0.9594348222424794,-0.23158614402917035
1298.0,26436452.0,2032.0,10.215059055118111,0.9458661417322834,-0.24478346456692898
1299.0,26457503.0,1486.0,14.166218034993271,0.9004037685060565,-0.33720278151637484
1300.0,26478587.0,1563.0,13.489443378119002,0.9232245681381958,-0.3548517807634887
1301.0,26499356.0,1827.0,11.367816091954023,0.9408866995073891,-0.2818190111293558
1302.0,26520125.0,1957.0,10.612672457843638,0.9432805314256515,-0.2520524612502128
1303.0,26540875.0,2171.0,9.55780746199908,0.9553201289728236,-0.23003992015968056
1304.0,26561315.0,2430.0,8.411522633744855,0.9695473251028807,-0.21102194787379966
1305.0,26581925.0,2502.0,8.237410071942445,0.9696243005595524,-0.2049693578470556
1306.0,26602773.0,2321.0,8.982335200344679,0.958638517880224,-0.2165589544736463
1307.0,26623639.0,1655.0,12.60785498489426,0.9123867069486404,-0.29327291037260805
1308.0,26644437.0,1615.0,12.878018575851392,0.9095975232198142,-0.2871826625386995
1309.0,26665191.0,1411.0,14.70871722182849,0.8986534372785259,-0.31567446255610654
1310.0,26686158.0,1246.0,16.82744783306581,0.8788121990369181,-0.35279561262707304
1311.0,26706685.0,1992.0,10.304718875502008,0.9492971887550201,-0.24234437751004004
1312.0,26727186.0,2431.0,8.433155080213904,0.9670917317976141,-0.20682846565199497
1313.0,26747657.0,2780.0,7.363669064748201,0.9823741007194244,-0.18917266187050355
1314.0,26767811.0,3223.0,6.253180266832144,0.9993794601303134,-0.1704829868652394
1315.0,26787910.0,3430.0,5.859766763848397,1.0,-0.16354227405247812
1316.0,26808011.0,3509.0,5.728412653177544,0.999715018523796,-0.15878692884962475
1317.0,26828105.0,3615.0,5.55850622406639,1.0,-0.15355002305209775
1318.0,26848213.0,3656.0,5.5,1.0,-0.15122173595915384
1319.0,26868299.0,3669.0,5.474516216952848,1.0,-0.1505859907331698
1320.0,26888419.0,3700.0,5.437837837837838,1.0,-0.1503153153153153
1321.0,26908512.0,3745.0,5.365287049399199,1.0,-0.1468402314196707
1322.0,26928606.0,3738.0,5.375601926163724,1.0,-0.1471776350989834
1323.0,26948698.0,3773.0,5.32520540683806,1.0,-0.14630267691492183
1324.0,26968809.0,3775.0,5.327417218543046,1.0,-0.14545253863134652
1325.0,26988900.0,3793.0,5.29686264170841,1.0,-0.14418226557693997
1326.0,27009014.0,3793.0,5.302926443448458,1.0,-0.14453379031549343
1327.0,27029104.0,3800.0,5.286842105263158,1.0,-0.143219298245614
1328.0,27049180.0,3796.0,5.28872497365648,1.0,-0.14428784685634002
1329.0,27069292.0,3843.0,5.233411397345823,1.0,-0.1418423106947697
1330.0,27089389.0,3821.0,5.2596179010730175,1.0,-0.14272005583180666
1331.0,27109469.0,3806.0,5.275880189174987,1.0,-0.1435190050796987
1332.0,27129550.0,3826.0,5.248562467328803,1.0,-0.1437401986408782
1333.0,27149662.0,3876.0,5.188854489164087,1.0,-0.14133126934984522
1334.0,27169737.0,3858.0,5.203473302229134,1.0,-0.1408372213582167
1335.0,27189833.0,3855.0,5.212970168612192,1.0,-0.14086035451794207
1336.0,27209936.0,3848.0,5.224272349272349,1.0,-0.14115990990990993
1337.0,27230053.0,3874.0,5.192823954568921,1.0,-0.1397521941146102
1338.0,27250145.0,3872.0,5.18904958677686,1.0,-0.14047004132231405
1339.0,27270256.0,3777.0,5.324596240402435,0.9986761980407731,-0.14349130703380109
1340.0,27290340.0,3865.0,5.196377749029754,1.0,-0.14060370849504095
1341.0,27310426.0,3895.0,5.1568677792041075,1.0,-0.13924689773213522
1342.0,27330528.0,3876.0,5.186274509803922,1.0,-0.13968868249054006
1343.0,27350634.0,3861.0,5.207459207459207,1.0,-0.14079685746352416
1344.0,27370733.0,3874.0,5.188177594217863,0.9997418688693857,-0.13975649630012046
1345.0,27390827.0,3869.0,5.193590074954769,1.0,-0.14033341948823982
1346.0,27410909.0,3853.0,5.21204256423566,1.0,-0.14046630331343543
1347.0,27430971.0,3885.0,5.163963963963964,1.0,-0.13849849849849852
1348.0,27451067.0,3865.0,5.1994825355756795,1.0,-0.14006468305304012
1349.0,27471181.0,3900.0,5.157435897435898,1.0,-0.13936752136752137
1350.0,27491273.0,3879.0,5.179685485949987,1.0,-0.14047434905903586
1351.0,27511362.0,3930.0,5.1117048346055975,1.0,-0.13775657336726038
1352.0,27531460.0,3908.0,5.142784032753326,1.0,-0.1380714773114978
1353.0,27551549.0,3925.0,5.118216560509554,1.0,-0.13707006369426752
1354.0,27571637.0,3890.0,5.164010282776349,1.0,-0.13898886032562124
1355.0,27591739.0,3886.0,5.172928461142563,1.0,-0.1387502144450163
1356.0,27611819.0,3925.0,5.115923566878981,1.0,-0.13730785562632697
1357.0,27631923.0,3923.0,5.12464950293143,1.0,-0.1362690118106891
1358.0,27652007.0,3898.0,5.152385838891739,1.0,-0.13899435608004104
1359.0,27672098.0,3907.0,5.142308676734067,0.9997440491425647,-0.13704888661377013
1360.0,27692193.0,3908.0,5.142016376663255,1.0,-0.13806721255544185
1361.0,27712279.0,3948.0,5.087639311043566,1.0,-0.13654170888213443
1362.0,27732375.0,3917.0,5.130456982384478,1.0,-0.1367883584375798
1363.0,27752460.0,3901.0,5.148679825685722,1.0,-0.1381568828505511
1364.0,27772537.0,3913.0,5.130845898287759,1.0,-0.13671948206831927
1365.0,27792622.0,3924.0,5.118501529051988,1.0,-0.1373216106014271
1366.0,27812710.0,3903.0,5.146810146041506,1.0,-0.13725339482449397
1367.0,27832783.0,3894.0,5.154853620955316,1.0,-0.13837527820578668
1368.0,27852859.0,3904.0,5.142418032786885,1.0,-0.13688524590163934
1369.0,27872946.0,3899.0,5.151833803539369,1.0,-0.1379071556809438
1370.0,27893030.0,3933.0,5.10653445207221,1.0,-0.1369861852699381
1371.0,27913124.0,3927.0,5.116883116883117,1.0,-0.13691537220948985
1372.0,27933210.0,3913.0,5.133145923843598,1.0,-0.1371326348070534
1373.0,27953288.0,3901.0,5.1468854139964115,1.0,-0.13778518328633685
1374.0,27973394.0,3897.0,5.159353348729792,1.0,-0.13796937815413565
1375.0,27993488.0,3910.0,5.139130434782609,1.0,-0.13664109121909632
1376.0,28013588.0,3917.0,5.131478172070462,1.0,-0.1370734405582504
1377.0,28033675.0,3906.0,5.142601126472094,1.0,-0.1381336405529954
1378.0,28053753.0,3918.0,5.124553343542623,1.0,-0.1366513527309852
1379.0,28073825.0,3903.0,5.1427107353317965,1.0,-0.13719788197113336
1380.0,28093910.0,3904.0,5.144723360655738,1.0,-0.13709870218579237
1381.0,28113985.0,3878.0,5.176637441980402,1.0,-0.13880866425992783
1382.0,28134057.0,3918.0,5.1230219499744765,1.0,-0.13609409562702057
1383.0,28154141.0,3935.0,5.103939008894536,1.0,-0.13667937314697162
1384.0,28174216.0,3882.0,5.171303451828954,1.0,-0.13706422806113688
1385.0,28194290.0,3909.0,5.135328728575083,1.0,-0.1368124840112561
1386.0,28214385.0,3961.0,5.073213834890179,1.0,-0.13541193301354876
1387.0,28234484.0,3917.0,5.131222874648966,1.0,-0.13683516296485407
1388.0,28254569.0,3917.0,5.127648710748021,1.0,-0.13642243213343547
1389.0,28274661.0,3909.0,5.139933486825275,1.0,-0.13661635541911826
1390.0,28294759.0,3933.0,5.110094075769133,1.0,-0.1367531146707348
1391.0,28314839.0,3943.0,5.092569109814862,1.0,-0.13682897962634208
1392.0,28334935.0,3901.0,5.15149961548321,1.0,-0.13822951379988035
1393.0,28355023.0,3940.0,5.098477157360406,1.0,-0.1370685279187817
1394.0,28375131.0,3929.0,5.117841689997455,1.0,-0.13626877067956222
1395.0,28395208.0,3914.0,5.129535002554931,1.0,-0.13715295520354284
1396.0,28415298.0,3922.0,5.122386537480877,1.0,-0.13629100798912122
1397.0,28435392.0,3917.0,5.1299463875414855,1.0,-0.13615011488383968
1398.0,28455471.0,3932.0,5.106561546286877,1.0,-0.13619871142760256
1399.0,28475550.0,3939.0,5.097486671744098,1.0,-0.13668020648218668
1400.0,28495648.0,3902.0,5.150691952844695,1.0,-0.13649410558687852
1401.0,28515728.0,3931.0,5.108114983464767,1.0,-0.1363308742474349
1402.0,28535815.0,3932.0,5.1085961342828075,1.0,-0.13608002712783995
1403.0,28555902.0,3936.0,5.1034044715447155,1.0,-0.1359332655826558
1404.0,28575992.0,3920.0,5.125,1.0,-0.13651360544217686
1405.0,28596050.0,3884.0,5.164263645726056,1.0,-0.13736268451767938
1406.0,28616149.0,3924.0,5.1220693170234455,1.0,-0.13617482161060143
1407.0,28636231.0,3932.0,5.107324516785351,1.0,-0.1356391997287216
1408.0,28656317.0,3927.0,5.11484593837535,1.0,-0.13554452083863847
1409.0,28676415.0,3901.0,5.1520123045372985,1.0,-0.13714859437751006
1410.0,28696501.0,3905.0,5.143661971830986,1.0,-0.136513017498933
1411.0,28716580.0,3949.0,5.084578374271968,1.0,-0.13503840634759856
1412.0,28736672.0,3899.0,5.15311618363683,1.0,-0.1369966658117466
1413.0,28756781.0,3943.0,5.099923915800153,1.0,-0.13600050722799897
1414.0,28776866.0,3885.0,5.1698841698841695,1.0,-0.13658086658086657
1415.0,28796974.0,3934.0,5.111337061514997,1.0,-0.13617607185222844
1416.0,28817057.0,3925.0,5.116687898089172,1.0,-0.13690021231422506
1417.0,28837147.0,3887.0,5.16851041934654,1.0,-0.13844867507074865
1418.0,28857224.0,3928.0,5.111252545824847,1.0,-0.1352766463000679
1419.0,28877287.0,3940.0,5.092131979695432,1.0,-0.1349492385786802
1420.0,28897368.0,3887.0,5.166195009004373,1.0,-0.13683646342509218
1421.0,28917457.0,3929.0,5.113005853906847,1.0,-0.13458471197081529
1422.0,28937550.0,3929.0,5.114023924662764,1.0,-0.13552218545855604
1423.0,28957635.0,3909.0,5.138142747505756,1.0,-0.13650976379295643
1424.0,28977744.0,3926.0,5.122007131940907,1.0,-0.13662336559687552
1425.0,28997826.0,3920.0,5.122959183673469,1.0,-0.1361734693877551
1426.0,29017927.0,3914.0,5.1356668369954015,1.0,-0.13661216147164026
1427.0,29038010.0,3908.0,5.138945752302968,1.0,-0.13666837256908906
1428.0,29058096.0,3904.0,5.144979508196721,1.0,-0.13668032786885245
1429.0,29078187.0,3931.0,5.110913253625032,1.0,-0.13611040447723227
1430.0,29098277.0,3940.0,5.098984771573604,1.0,-0.13506345177664977
1431.0,29118361.0,3934.0,5.105236400610066,1.0,-0.13645568547703776
1432.0,29138453.0,3952.0,5.084008097165992,1.0,-0.13504976383265854
1433.0,29158550.0,3913.0,5.135957066189624,1.0,-0.13780134594088084
1434.0,29178643.0,3954.0,5.08168942842691,1.0,-0.1347664812004721
1435.0,29198731.0,3914.0,5.13234542667348,1.0,-0.1367611991142906
1436.0,29218821.0,3943.0,5.095105249809789,1.0,-0.13653732352692535
1437.0,29238900.0,3938.0,5.098781107160995,1.0,-0.1351743693922465
1438.0,29258976.0,3939.0,5.0967250571210965,1.0,-0.13485656257933487
1439.0,29279082.0,3945.0,5.096577946768061,1.0,-0.1360794254330376
1440.0,29299187.0,3965.0,5.070617906683481,1.0,-0.13504833963850357
1441.0,29319288.0,3942.0,5.0991882293252155,1.0,-0.13649585658718077
1442.0,29339384.0,3946.0,5.092752154080081,1.0,-0.13500591316100694
1443.0,29359472.0,3914.0,5.13234542667348,1.0,-0.1365568046329416
1444.0,29379569.0,3951.0,5.086560364464693,1.0,-0.13404623302117608
1445.0,29399649.0,3950.0,5.083544303797468,1.0,-0.1348438818565401
1446.0,29419718.0,3928.0,5.109215885947047,1.0,-0.13482688391038697
1447.0,29439822.0,3948.0,5.092198581560283,1.0,-0.1356214116852415
1448.0,29459917.0,3917.0,5.130201684962982,1.0,-0.13688196749212833
1449.0,29480001.0,3915.0,5.130012771392082,1.0,-0.1359088974031503
1450.0,29500087.0,3911.0,5.135770902582459,1.0,-0.13623966589959943
1451.0,29520168.0,3923.0,5.11878664287535,1.0,-0.13540232815022518
1452.0,29540262.0,3932.0,5.110376398779247,1.0,-0.13555442522889116
1453.0,29560347.0,3925.0,5.117197452229299,1.0,-0.1355456475583864
1454.0,29580455.0,3961.0,5.076495834385256,1.0,-0.1342590254986115
1455.0,29600564.0,3929.0,5.118096207686434,1.0,-0.13571731568677356
1456.0,29620645.0,3918.0,5.125319040326698,1.0,-0.1354262378764676
1457.0,29640717.0,3926.0,5.112582781456954,1.0,-0.1360078111733741
1458.0,29660819.0,3913.0,5.13723485816509,1.0,-0.137034670755601
1459.0,29680906.0,3904.0,5.145235655737705,1.0,-0.1370303961748634
1460.0,29700982.0,3908.0,5.1371545547594675,1.0,-0.1372611736608666
1461.0,29721060.0,3930.0,5.108905852417303,1.0,-0.13566581849024595
1462.0,29741155.0,3923.0,5.12235534030079,1.0,-0.13694026680261706
1463.0,29761224.0,3929.0,5.107915500127259,1.0,-0.1357003478408416
1464.0,29781320.0,3915.0,5.133077905491699,1.0,-0.13641975308641976
1465.0,29801416.0,3937.0,5.104394208788418,1.0,-0.1363009059351452
1466.0,29821496.0,3960.0,5.070707070707071,1.0,-0.13412037037037036
1467.0,29841575.0,3923.0,5.1182768289574305,1.0,-0.13606083779420514
1468.0,29861675.0,3906.0,5.145929339477727,1.0,-0.13811657279399214
1469.0,29881766.0,3909.0,5.139677666922487,1.0,-0.13633068986100452
1470.0,29901858.0,3923.0,5.121590619423911,1.0,-0.13567847735576516
1471.0,29921954.0,3926.0,5.1186958736627615,1.0,-0.13529037187977588
1472.0,29942042.0,3933.0,5.107551487414188,1.0,-0.13570217815069074
1473.0,29962129.0,3925.0,5.117707006369427,1.0,-0.13567728237791932
1474.0,29982234.0,3932.0,5.113173957273652,1.0,-0.13530857917938283
1475.0,30002345.0,3919.0,5.13166624138811,1.0,-0.13708854299566217
1476.0,30022447.0,3938.0,5.104621635347892,1.0,-0.1349627560521415
1477.0,30042532.0,3932.0,5.108087487283825,1.0,-0.13439725330620547
1478.0,30062616.0,3911.0,5.1352595244183075,1.0,-0.13721554589619023
1479.0,30082697.0,3933.0,5.105771675565726,1.0,-0.13630816170861937
1480.0,30102798.0,3946.0,5.094019260010137,1.0,-0.13443993917891536
1481.0,30122885.0,3953.0,5.081457121173792,1.0,-0.13494392444556877
1482.0,30142965.0,3936.0,5.1016260162601625,1.0,-0.1352684620596206
1483.0,30163027.0,3902.0,5.141465914915428,1.0,-0.13669912865197334
1484.0,30183111.0,3929.0,5.111733265461949,1.0,-0.13584881649274624
1485.0,30203177.0,3921.0,5.117572047946952,1.0,-0.1360452265578509
1486.0,30223293.0,3932.0,5.115971515768057,1.0,-0.13606307222787387
1487.0,30243370.0,3911.0,5.133469700843774,1.0,-0.13663172249211625
1488.0,30263468.0,3937.0,5.104902209804419,1.0,-0.13599187198374396
1489.0,30283561.0,3916.0,5.1310010214504596,1.0,-0.13683180115764387
1490.0,30303645.0,3884.0,5.170957775489186,1.0,-0.13721249570889116
1491.0,30323736.0,3921.0,5.123947972456006,1.0,-0.13613448950097765
1492.0,30343817.0,3917.0,5.126627521062037,1.0,-0.13656284571525826
1493.0,30363903.0,3932.0,5.108341810783316,1.0,-0.13612241437775516
1494.0,30383991.0,3906.0,5.142857142857143,1.0,-0.13708824031404676
1495.0,30404093.0,3953.0,5.0852517075638755,1.0,-0.13502824858757065
1496.0,30424198.0,3909.0,5.143259145561525,1.0,-0.13712373155964863
1497.0,30444292.0,3922.0,5.123406425293218,1.0,-0.13504589495155536
1498.0,30464387.0,3910.0,5.139386189258312,1.0,-0.1367519181585678
1499.0,30484482.0,3921.0,5.124968120377455,1.0,-0.13663606222902322
1500.0,30504581.0,3934.0,5.109049313675648,1.0,-0.1350067785121166
1501.0,30524678.0,3935.0,5.1072426937738244,1.0,-0.1355654383735705
1502.0,30544778.0,3919.0,5.128859402908906,1.0,-0.13591902696266053
1503.0,30564870.0,3926.0,5.117677024961793,1.0,-0.13651299032093733
1504.0,30584968.0,3945.0,5.094550063371356,1.0,-0.1356104773975496
1505.0,30605063.0,3942.0,5.097666159309995,1.0,-0.1363225097243362
1506.0,30625153.0,3925.0,5.118471337579618,1.0,-0.13557537154989385
1507.0,30645239.0,3894.0,5.15819209039548,1.0,-0.13798579010443418
1508.0,30665332.0,3915.0,5.132311621966794,1.0,-0.1358152405278842
1509.0,30685403.0,3934.0,5.101931875953229,1.0,-0.1350067785121166
1510.0,30705495.0,3905.0,5.145198463508323,1.0,-0.13736662398634228
1511.0,30725585.0,3919.0,5.126307731564174,1.0,-0.1357744322531258
1512.0,30745688.0,3932.0,5.11266531027467,1.0,-0.13615632417768736
1513.0,30765774.0,3918.0,5.126595201633487,1.0,-0.13586864046282118
1514.0,30785851.0,3938.0,5.0982732351447435,1.0,-0.13536482139834097
1515.0,30805947.0,3943.0,5.096626933806746,1.0,-0.13618649082762702
1516.0,30826028.0,3962.0,5.068399798081777,1.0,-0.1347846205620057
1517.0,30846122.0,3901.0,5.150986926429121,1.0,-0.13595231991796974
1518.0,30866199.0,3932.0,5.106052899287894,1.0,-0.1356010512037979
1519.0,30886276.0,3957.0,5.073793277735659,1.0,-0.1350307471990565
1520.0,30906363.0,3899.0,5.151833803539369,1.0,-0.1370009404120715
1521.0,30926442.0,3937.0,5.1000762001524,1.0,-0.13509863686394039
1522.0,30946518.0,3960.0,5.069696969696969,1.0,-0.13379208754208755
1523.0,30966614.0,3905.0,5.146222791293214,1.0,-0.13665386256935552
1524.0,30986702.0,3918.0,5.1271056661562024,1.0,-0.13602177981963587
