episodes,episodes_per_second,epochs,first_epoch,hours,last_epoch,mean_agent_return,run,seconds_per_epoch,steps,steps_per_second,steps_taken,success_rate,timed_seconds,updates
4922687,89.2406922074072,2000,1,15.322752678537121,2000,-0.21548253017102242,shared_adam_seed0,27.580954821366817,40626850,736.5018771671856,8.252982568259977,0.9932171190246303,55161.90964273363,20000
5205340,94.0675296072744,2000,1,15.3711677537874,2000,-0.2058802851174627,shared_adam_seed1,27.66810195681732,40578698,733.3119211309245,7.795590297655869,0.9943100738856636,55336.20391363464,20000
5096854,92.45367267269387,2000,1,15.313537438258322,2000,-0.2096501031158959,shared_adam_seed2,27.56436738886498,40616881,736.7642512341454,7.969010099170979,0.993555828752403,55128.73477772996,20000
3802925,22.024365156705006,1655,1,47.96360975852961,1655,-0.23278887961240358,shared_rmsprop_seed0,104.33171911220941,33669601,194.99505961978213,8.853606368781925,0.990996667039187,172668.99513070658,16550
5274501,59.389482159272184,2000,1,24.670010806583903,2000,-0.20500532657022907,shared_rmsprop_seed1,44.40601945185102,40557314,456.66459750998246,7.689317719344446,0.9945409053861208,88812.03890370205,20000
5191834,57.9893986463945,2000,1,24.869651087523025,2000,-0.20854822207335597,shared_rmsprop_seed2,44.76537195754144,40586013,453.31928704283484,7.817278634101167,0.9936868166432131,89530.74391508289,20000
4064676,28.857809456173957,2000,1,39.125515343823416,2000,-0.25539558380544963,banked_rmsprop_seed0,70.42592761888216,40789296,289.59005141356374,10.035067001650315,0.9883939088872028,140851.8552377643,20000
4228149,29.25736891574718,2000,1,40.14324858518602,2000,-0.24666088714785905,banked_rmsprop_seed1,72.25784745333483,40741476,281.91731027077327,9.635771114026493,0.9893849530846713,144515.69490666967,20000
4268674,36.288595252077684,2000,1,32.67535625286814,2000,-0.24561041672425674,banked_rmsprop_seed2,58.81564125516265,40695846,345.9610839185388,9.533603643660772,0.99070179638923,117631.28251032531,20000
