sha,author_date,committer_date,author,subject,on_main
a869ade396f437e058917b92735756a80eae36ed,2022-01-21T11:45:42-05:00,2022-01-21T11:45:42-05:00,Esmaeil Seraj,Initial commit,True
748976574323ff850282918c9513531b4ad8a106,2022-01-21T11:47:16-05:00,2022-01-21T11:47:16-05:00,Esmaeil Seraj,Update README.md,True
d2e5701392bdeb71873250cc707d620dde0dd336,2022-01-21T11:47:45-05:00,2022-01-21T11:47:45-05:00,Esmaeil Seraj,Readme updated,True
8b28c6f741fa45e5f8e3fd3c983cf6e77c46ba54,2022-01-21T12:27:13-05:00,2022-01-21T12:27:13-05:00,Esmaeil Seraj,Add files via upload,True
236924f59521253fce92424af1dc44598225cbfc,2022-01-21T12:27:42-05:00,2022-01-21T12:27:42-05:00,Esmaeil Seraj,uploaded the suplementary file,True
3ca462bfaa945deb710f510fe865a5b750c0990c,2022-02-10T23:04:01-05:00,2022-02-10T23:04:01-05:00,Rohan,Adding initial files from repository,True
59d598319d6285acfa42a1d9d8c859305a9bbf1e,2022-02-14T23:54:07-05:00,2022-02-14T23:54:07-05:00,Rohan,Adding some more files,True
d57da0717d5564027df7e8ba75614feca8006960,2022-02-15T00:08:23-05:00,2022-02-15T00:08:23-05:00,Rohan,Added better saving (following MAGIC),True
6acaa4fc7a5a3e3cd9c14f05f6a3609b46a7d9b0,2022-06-17T19:34:05-04:00,2022-06-17T19:34:05-04:00,Rohan,deleting paths,True
442ec42f636187caca6d76b78c5a6e5d8a54dce6,2022-06-17T17:16:12-07:00,2022-06-17T17:16:12-07:00,Esmaeil Seraj,Update README.md,True
61b8a58cdd0b136c88ebe1b8b7d145a2471ed851,2022-06-17T17:16:38-07:00,2022-06-17T17:16:38-07:00,Esmaeil Seraj,Update README.md,True
b94e2186aed38535002dba1043e7102445011564,2022-06-17T17:19:48-07:00,2022-06-17T17:19:48-07:00,Esmaeil Seraj,Update README.md,True
394b57ed611c25a4282ff833c57e885bdf7aa631,2022-06-17T21:44:11-04:00,2022-06-17T21:44:11-04:00,Rohan,updating readme to include run commands and some todos,True
c1f5759694b4ae7eb7e88e94d7569bb92991e047,2022-06-17T21:48:10-04:00,2022-06-17T21:48:10-04:00,Rohan,update readme,True
4179f485ff388fe2403c8f8305f321f09946930b,2022-06-17T21:58:14-04:00,2022-06-17T21:58:14-04:00,Rohan,update firecommander,True
6b09d36c352a4170f574d118cc565132b14b4050,2022-10-10T16:22:29-04:00,2022-10-10T16:22:29-04:00,Rohan,Updating files,True
f54ca5ad05bd68dcaa525034e440149b7adf9d51,2022-10-11T11:02:36-04:00,2022-10-11T11:02:36-04:00,Rohan,"Tested PP and PC, updated readme",True
2c34389007e254239ae497c45599a1eac291bd23,2023-08-24T01:51:10-04:00,2023-08-24T01:51:10-04:00,Luis,cleans branch,False
5cc9aea0a96277cc7471d6e80fdaeeb8973be5d0,2023-08-24T07:19:35-04:00,2023-08-24T07:19:35-04:00,Luis,add HetNet-PPO codebase,False
4d3870dc9b9e995351043be00e37b31e0a8b48ca,2024-04-22T23:35:30-04:00,2024-04-22T23:35:30-04:00,Rohan Paleja,robot-demo files,False
2e5d8ca71587601af809e2665cc47bc5d201e0a1,2024-04-22T23:45:04-04:00,2024-04-22T23:45:04-04:00,Rohan Paleja,robot-demo readme,False
5fc4cba7be60b08acd17acf8f3fc9ab81bc39789,2024-04-22T23:54:36-04:00,2024-04-22T23:54:36-04:00,Rohan Paleja,robot-demo readme,False
6b50c91061f9803154de9a215278c9c195ce02f7,2024-04-23T00:17:18-04:00,2024-04-23T00:17:18-04:00,Rohan Paleja,robot-demo readme,False
bff9f7f9a9e905d96c6d9762c2c853c9ee2f96ec,2026-05-26T02:22:15-04:00,2026-05-26T02:22:15-04:00,Luis Pimentel,update codebase and documentation for arxiv release,True
48d7be85073a3c6195003e93e83991507f74c8e7,2026-05-26T02:14:47-04:00,2026-05-26T02:14:47-04:00,Luis Pimentel,update codebase and documentation for arxiv release,False
e0bcaf3fe2223c8db2bee69427b6006d408a57a0,2026-06-14T18:04:47-04:00,2026-06-14T18:04:47-04:00,Kin Man Lee,Update README to include experiment artifacts.,False
